call-detector,mixup-alpha,secondary-label-weights,valid2020,freefield1010,grouped-by-author,cnn,epoch,f1-score,timestamp
nc,0.5,0.6,0,0,0,resnest50,76,0.5472,20220306025541.pth
nc,0.5,0.6,0,0,0,resnest50,69,0.5432,20220306021412.pth
nc,0.5,0.6,0,0,0,resnest50,90,0.5408,20220306041817.pth
nc,0.5,0.6,0,0,0,resnest50,56,0.5404,20220306005728.pth
nc,0.5,0.6,0,0,0,resnest50,53,0.5399,20220306003951.pth
nc,0.5,0.6,0,0,0,resnest50,42,0.5371,20220305233518.pth
nc,0.5,0.6,0,0,0,resnest50,85,0.5365,20220306034853.pth
nc,0.5,0.6,0,0,0,resnest50,70,0.536,20220306022005.pth
nc,0.5,0.6,0,0,0,resnest50,94,0.5359,20220306044146.pth
nc,0.5,0.6,0,0,0,resnest50,97,0.5359,20220306045923.pth
nc,0.5,0.6,0,0,0,resnest50,81,0.5355,20220306032514.pth
nc,0.5,0.6,0,0,0,resnest50,92,0.5352,20220306043003.pth
nc,0.5,0.6,0,0,0,resnest50,86,0.535,20220306035446.pth
nc,0.5,0.6,0,0,0,resnest50,44,0.5343,20220305234700.pth
nc,0.5,0.6,0,0,0,resnest50,73,0.5331,20220306023754.pth
nc,0.5,0.6,0,0,0,resnest50,82,0.5328,20220306033110.pth
nc,0.5,0.6,0,0,0,resnest50,57,0.5324,20220306010324.pth
nc,0.5,0.6,0,0,0,resnest50,91,0.5321,20220306042411.pth
nc,0.5,0.6,0,0,0,resnest50,80,0.5319,20220306031922.pth
nc,0.5,0.6,0,0,0,resnest50,66,0.5316,20220306015630.pth
nc,0.5,0.6,0,0,0,resnest50,95,0.5315,20220306044738.pth
nc,0.5,0.6,0,0,0,resnest50,41,0.5314,20220305232926.pth
nc,0.5,0.6,0,0,0,resnest50,87,0.5305,20220306040040.pth
nc,0.5,0.6,0,0,0,resnest50,84,0.529,20220306034258.pth
nc,0.5,0.6,0,0,0,resnest50,65,0.5288,20220306015038.pth
nc,0.5,0.6,0,0,0,resnest50,71,0.5286,20220306022600.pth
nc,0.5,0.6,0,0,0,resnest50,61,0.5284,20220306012654.pth
nc,0.5,0.6,0,0,0,resnest50,64,0.5284,20220306014443.pth
nc,0.5,0.6,0,0,0,resnest50,48,0.5282,20220306001029.pth
nc,0.5,0.6,0,0,0,resnest50,98,0.5277,20220306050519.pth
nc,0.5,0.6,0,0,0,resnest50,58,0.5275,20220306010917.pth
nc,0.5,0.6,0,0,0,resnest50,74,0.5269,20220306024348.pth
nc,0.5,0.6,0,0,0,resnest50,49,0.5268,20220306001623.pth
nc,0.5,0.6,0,0,0,resnest50,83,0.5264,20220306033705.pth
nc,0.5,0.6,0,0,0,resnest50,60,0.5263,20220306012100.pth
nc,0.5,0.6,0,0,0,resnest50,88,0.5259,20220306040633.pth
nc,0.5,0.6,0,0,0,resnest50,79,0.5258,20220306031330.pth
nc,0.5,0.6,0,0,0,resnest50,75,0.5249,20220306024944.pth
nc,0.5,0.6,0,0,0,resnest50,62,0.5248,20220306013249.pth
nc,0.5,0.6,0,0,0,resnest50,51,0.5247,20220306002806.pth
nc,0.5,0.6,0,0,0,resnest50,31,0.5245,20220305223039.pth
nc,0.5,0.6,0,0,0,resnest50,96,0.524,20220306045333.pth
nc,0.5,0.6,0,0,0,resnest50,68,0.5236,20220306020817.pth
nc,0.5,0.6,0,0,0,resnest50,72,0.523,20220306023158.pth
nc,0.5,0.6,0,0,0,resnest50,37,0.5226,20220305230559.pth
nc,0.5,0.6,0,0,0,resnest50,99,0.5226,20220306051115.pth
nc,0.5,0.6,0,0,0,resnest50,55,0.5225,20220306005134.pth
nc,0.5,0.6,0,0,0,resnest50,77,0.5221,20220306030137.pth
nc,0.5,0.6,0,0,0,resnest50,93,0.522,20220306043556.pth
nc,0.5,0.6,0,0,0,resnest50,89,0.5206,20220306041226.pth
nc,5,0.6,0,0,0,resnest50,41,0.5294,20220304180439.pth
nc,5,0.6,0,0,0,resnest50,42,0.5289,20220304181023.pth
nc,5,0.6,0,0,0,resnest50,46,0.5286,20220304183313.pth
nc,5,0.6,0,0,0,resnest50,50,0.5375,20220304185606.pth
nc,5,0.6,0,0,0,resnest50,52,0.5307,20220304190734.pth
nc,5,0.6,0,0,0,resnest50,54,0.5373,20220304191900.pth
nc,5,0.6,0,0,0,resnest50,55,0.5328,20220304192443.pth
nc,5,0.6,0,0,0,resnest50,56,0.5364,20220304193026.pth
nc,5,0.6,0,0,0,resnest50,57,0.551,20220304193608.pth
nc,5,0.6,0,0,0,resnest50,58,0.5429,20220304194151.pth
nc,5,0.6,0,0,0,resnest50,59,0.538,20220304194734.pth
nc,5,0.6,0,0,0,resnest50,60,0.5481,20220304195318.pth
nc,5,0.6,0,0,0,resnest50,61,0.5375,20220304195901.pth
nc,5,0.6,0,0,0,resnest50,62,0.5329,20220304200445.pth
nc,5,0.6,0,0,0,resnest50,63,0.5484,20220304201026.pth
nc,5,0.6,0,0,0,resnest50,64,0.5324,20220304201606.pth
nc,5,0.6,0,0,0,resnest50,65,0.5292,20220304202148.pth
nc,5,0.6,0,0,0,resnest50,67,0.5378,20220304203315.pth
nc,5,0.6,0,0,0,resnest50,68,0.5331,20220304203858.pth
nc,5,0.6,0,0,0,resnest50,69,0.544,20220304204441.pth
nc,5,0.6,0,0,0,resnest50,70,0.5435,20220304205022.pth
nc,5,0.6,0,0,0,resnest50,71,0.5414,20220304205605.pth
nc,5,0.6,0,0,0,resnest50,72,0.5379,20220304210148.pth
nc,5,0.6,0,0,0,resnest50,73,0.5403,20220304210730.pth
nc,5,0.6,0,0,0,resnest50,74,0.538,20220304211313.pth
nc,5,0.6,0,0,0,resnest50,75,0.5402,20220304211857.pth
nc,5,0.6,0,0,0,resnest50,76,0.5467,20220304212443.pth
nc,5,0.6,0,0,0,resnest50,77,0.5482,20220304213026.pth
nc,5,0.6,0,0,0,resnest50,78,0.548,20220304213611.pth
nc,5,0.6,0,0,0,resnest50,79,0.5487,20220304214152.pth
nc,5,0.6,0,0,0,resnest50,80,0.5476,20220304214736.pth
nc,5,0.6,0,0,0,resnest50,81,0.5455,20220304215317.pth
nc,5,0.6,0,0,0,resnest50,82,0.5466,20220304215859.pth
nc,5,0.6,0,0,0,resnest50,83,0.5383,20220304220445.pth
nc,5,0.6,0,0,0,resnest50,84,0.547,20220304221029.pth
nc,5,0.6,0,0,0,resnest50,85,0.5498,20220304221613.pth
nc,5,0.6,0,0,0,resnest50,86,0.5433,20220304222157.pth
nc,5,0.6,0,0,0,resnest50,87,0.5507,20220304222736.pth
nc,5,0.6,0,0,0,resnest50,88,0.5478,20220304223319.pth
nc,5,0.6,0,0,0,resnest50,89,0.5406,20220304223901.pth
nc,5,0.6,0,0,0,resnest50,90,0.5403,20220304224444.pth
nc,5,0.6,0,0,0,resnest50,91,0.5491,20220304225026.pth
nc,5,0.6,0,0,0,resnest50,92,0.5554,20220304225616.pth
nc,5,0.6,0,0,0,resnest50,93,0.5427,20220304230157.pth
nc,5,0.6,0,0,0,resnest50,94,0.5426,20220304230740.pth
nc,5,0.6,0,0,0,resnest50,95,0.5507,20220304231323.pth
nc,5,0.6,0,0,0,resnest50,96,0.5499,20220304231908.pth
nc,5,0.6,0,0,0,resnest50,97,0.5448,20220304232450.pth
nc,5,0.6,0,0,0,resnest50,98,0.5451,20220304233033.pth
nc,5,0.6,0,0,0,resnest50,99,0.5505,20220304233617.pth
nc,5,0.6,0,0,1,resnest50,47,0.3771,20220305040720.pth
nc,5,0.6,0,0,1,resnest50,48,0.3836,20220305041256.pth
nc,5,0.6,0,0,1,resnest50,49,0.3835,20220305041832.pth
nc,5,0.6,0,0,1,resnest50,50,0.3833,20220305042408.pth
nc,5,0.6,0,0,1,resnest50,51,0.3763,20220305042944.pth
nc,5,0.6,0,0,1,resnest50,53,0.381,20220305044056.pth
nc,5,0.6,0,0,1,resnest50,54,0.3776,20220305044634.pth
nc,5,0.6,0,0,1,resnest50,55,0.3853,20220305045210.pth
nc,5,0.6,0,0,1,resnest50,56,0.3831,20220305045748.pth
nc,5,0.6,0,0,1,resnest50,58,0.3758,20220305050901.pth
nc,5,0.6,0,0,1,resnest50,59,0.3773,20220305051437.pth
nc,5,0.6,0,0,1,resnest50,60,0.3756,20220305052013.pth
nc,5,0.6,0,0,1,resnest50,62,0.3898,20220305053129.pth
nc,5,0.6,0,0,1,resnest50,63,0.3758,20220305053707.pth
nc,5,0.6,0,0,1,resnest50,64,0.3755,20220305054245.pth
nc,5,0.6,0,0,1,resnest50,65,0.3906,20220305054824.pth
nc,5,0.6,0,0,1,resnest50,66,0.3754,20220305055400.pth
nc,5,0.6,0,0,1,resnest50,67,0.3964,20220305055936.pth
nc,5,0.6,0,0,1,resnest50,68,0.3899,20220305060512.pth
nc,5,0.6,0,0,1,resnest50,69,0.3911,20220305061050.pth
nc,5,0.6,0,0,1,resnest50,70,0.3852,20220305061627.pth
nc,5,0.6,0,0,1,resnest50,71,0.3792,20220305062204.pth
nc,5,0.6,0,0,1,resnest50,72,0.3943,20220305062741.pth
nc,5,0.6,0,0,1,resnest50,73,0.3782,20220305063319.pth
nc,5,0.6,0,0,1,resnest50,74,0.3871,20220305063857.pth
nc,5,0.6,0,0,1,resnest50,75,0.3892,20220305064433.pth
nc,5,0.6,0,0,1,resnest50,76,0.3848,20220305065012.pth
nc,5,0.6,0,0,1,resnest50,77,0.391,20220305065548.pth
nc,5,0.6,0,0,1,resnest50,78,0.3816,20220305070123.pth
nc,5,0.6,0,0,1,resnest50,79,0.3946,20220305070659.pth
nc,5,0.6,0,0,1,resnest50,80,0.3899,20220305071235.pth
nc,5,0.6,0,0,1,resnest50,81,0.3833,20220305071811.pth
nc,5,0.6,0,0,1,resnest50,82,0.3917,20220305072347.pth
nc,5,0.6,0,0,1,resnest50,83,0.386,20220305072924.pth
nc,5,0.6,0,0,1,resnest50,84,0.3809,20220305073501.pth
nc,5,0.6,0,0,1,resnest50,85,0.3871,20220305074035.pth
nc,5,0.6,0,0,1,resnest50,86,0.3899,20220305074613.pth
nc,5,0.6,0,0,1,resnest50,87,0.3923,20220305075150.pth
nc,5,0.6,0,0,1,resnest50,88,0.3793,20220305075727.pth
nc,5,0.6,0,0,1,resnest50,89,0.3815,20220305080304.pth
nc,5,0.6,0,0,1,resnest50,90,0.3854,20220305080840.pth
nc,5,0.6,0,0,1,resnest50,91,0.3869,20220305081417.pth
nc,5,0.6,0,0,1,resnest50,92,0.3884,20220305081955.pth
nc,5,0.6,0,0,1,resnest50,93,0.3886,20220305082535.pth
nc,5,0.6,0,0,1,resnest50,94,0.3896,20220305083111.pth
nc,5,0.6,0,0,1,resnest50,95,0.3924,20220305083647.pth
nc,5,0.6,0,0,1,resnest50,96,0.3866,20220305084224.pth
nc,5,0.6,0,0,1,resnest50,97,0.3962,20220305084800.pth
nc,5,0.6,0,0,1,resnest50,98,0.3855,20220305085338.pth
nc,5,0.6,0,0,1,resnest50,99,0.3946,20220305085915.pth
nc,5,0.6,1,1,1,resnest50,33,0.3808,20220305123132.pth
nc,5,0.6,1,1,1,resnest50,34,0.3804,20220305123744.pth
nc,5,0.6,1,1,1,resnest50,48,0.3831,20220305140425.pth
nc,5,0.6,1,1,1,resnest50,50,0.4018,20220305141646.pth
nc,5,0.6,1,1,1,resnest50,53,0.3819,20220305143520.pth
nc,5,0.6,1,1,1,resnest50,54,0.3808,20220305144130.pth
nc,5,0.6,1,1,1,resnest50,55,0.3801,20220305144742.pth
nc,5,0.6,1,1,1,resnest50,57,0.388,20220305150002.pth
nc,5,0.6,1,1,1,resnest50,58,0.387,20220305150614.pth
nc,5,0.6,1,1,1,resnest50,59,0.3854,20220305151227.pth
nc,5,0.6,1,1,1,resnest50,60,0.3957,20220305151837.pth
nc,5,0.6,1,1,1,resnest50,61,0.3878,20220305152449.pth
nc,5,0.6,1,1,1,resnest50,62,0.3858,20220305153059.pth
nc,5,0.6,1,1,1,resnest50,63,0.3884,20220305153711.pth
nc,5,0.6,1,1,1,resnest50,64,0.3991,20220305154321.pth
nc,5,0.6,1,1,1,resnest50,65,0.3939,20220305154932.pth
nc,5,0.6,1,1,1,resnest50,66,0.4013,20220305155544.pth
nc,5,0.6,1,1,1,resnest50,67,0.3885,20220305160156.pth
nc,5,0.6,1,1,1,resnest50,68,0.3847,20220305160807.pth
nc,5,0.6,1,1,1,resnest50,69,0.3876,20220305161417.pth
nc,5,0.6,1,1,1,resnest50,70,0.4027,20220305162028.pth
nc,5,0.6,1,1,1,resnest50,71,0.4105,20220305162639.pth
nc,5,0.6,1,1,1,resnest50,72,0.3932,20220305163251.pth
nc,5,0.6,1,1,1,resnest50,73,0.3887,20220305163901.pth
nc,5,0.6,1,1,1,resnest50,74,0.3989,20220305164511.pth
nc,5,0.6,1,1,1,resnest50,75,0.3927,20220305165120.pth
nc,5,0.6,1,1,1,resnest50,76,0.4,20220305165731.pth
nc,5,0.6,1,1,1,resnest50,77,0.3862,20220305170343.pth
nc,5,0.6,1,1,1,resnest50,78,0.3978,20220305170954.pth
nc,5,0.6,1,1,1,resnest50,79,0.3921,20220305171605.pth
nc,5,0.6,1,1,1,resnest50,80,0.3982,20220305172217.pth
nc,5,0.6,1,1,1,resnest50,81,0.3974,20220305172828.pth
nc,5,0.6,1,1,1,resnest50,82,0.3934,20220305173439.pth
nc,5,0.6,1,1,1,resnest50,83,0.3977,20220305174050.pth
nc,5,0.6,1,1,1,resnest50,84,0.405,20220305174702.pth
nc,5,0.6,1,1,1,resnest50,85,0.3976,20220305175313.pth
nc,5,0.6,1,1,1,resnest50,86,0.3939,20220305175934.pth
nc,5,0.6,1,1,1,resnest50,87,0.3985,20220305180544.pth
nc,5,0.6,1,1,1,resnest50,88,0.398,20220305181203.pth
nc,5,0.6,1,1,1,resnest50,89,0.3887,20220305181814.pth
nc,5,0.6,1,1,1,resnest50,90,0.3998,20220305182430.pth
nc,5,0.6,1,1,1,resnest50,91,0.3967,20220305183041.pth
nc,5,0.6,1,1,1,resnest50,92,0.4022,20220305183652.pth
nc,5,0.6,1,1,1,resnest50,93,0.3998,20220305184303.pth
nc,5,0.6,1,1,1,resnest50,94,0.406,20220305184913.pth
nc,5,0.6,1,1,1,resnest50,95,0.4,20220305185524.pth
nc,5,0.6,1,1,1,resnest50,96,0.3972,20220305190143.pth
nc,5,0.6,1,1,1,resnest50,97,0.3977,20220305190802.pth
nc,5,0.6,1,1,1,resnest50,98,0.3908,20220305191426.pth
nc,5,0.6,1,1,1,resnest50,99,0.4015,20220305192047.pth
nnc,0.5,0.6,0,0,0,resnest50,29,0.5535,20220306081510.pth
nnc,0.5,0.6,0,0,0,resnest50,36,0.5592,20220306085738.pth
nnc,0.5,0.6,0,0,0,resnest50,40,0.5554,20220306092158.pth
nnc,0.5,0.6,0,0,0,resnest50,41,0.5528,20220306092803.pth
nnc,0.5,0.6,0,0,0,resnest50,42,0.5696,20220306093406.pth
nnc,0.5,0.6,0,0,0,resnest50,44,0.5584,20220306094614.pth
nnc,0.5,0.6,0,0,0,resnest50,46,0.5541,20220306095825.pth
nnc,0.5,0.6,0,0,0,resnest50,48,0.5548,20220306101032.pth
nnc,0.5,0.6,0,0,0,resnest50,49,0.5566,20220306101638.pth
nnc,0.5,0.6,0,0,0,resnest50,51,0.5573,20220306102848.pth
nnc,0.5,0.6,0,0,0,resnest50,53,0.5576,20220306104100.pth
nnc,0.5,0.6,0,0,0,resnest50,56,0.5695,20220306105914.pth
nnc,0.5,0.6,0,0,0,resnest50,57,0.5591,20220306110521.pth
nnc,0.5,0.6,0,0,0,resnest50,58,0.5568,20220306111129.pth
nnc,0.5,0.6,0,0,0,resnest50,60,0.5551,20220306112339.pth
nnc,0.5,0.6,0,0,0,resnest50,61,0.5648,20220306112946.pth
nnc,0.5,0.6,0,0,0,resnest50,64,0.5679,20220306114805.pth
nnc,0.5,0.6,0,0,0,resnest50,65,0.562,20220306115412.pth
nnc,0.5,0.6,0,0,0,resnest50,66,0.5604,20220306120019.pth
nnc,0.5,0.6,0,0,0,resnest50,67,0.5546,20220306120623.pth
nnc,0.5,0.6,0,0,0,resnest50,68,0.5624,20220306121227.pth
nnc,0.5,0.6,0,0,0,resnest50,69,0.5713,20220306121832.pth
nnc,0.5,0.6,0,0,0,resnest50,70,0.5658,20220306122438.pth
nnc,0.5,0.6,0,0,0,resnest50,71,0.5599,20220306123043.pth
nnc,0.5,0.6,0,0,0,resnest50,72,0.5563,20220306123647.pth
nnc,0.5,0.6,0,0,0,resnest50,73,0.5594,20220306124252.pth
nnc,0.5,0.6,0,0,0,resnest50,74,0.5609,20220306124857.pth
nnc,0.5,0.6,0,0,0,resnest50,75,0.5558,20220306125501.pth
nnc,0.5,0.6,0,0,0,resnest50,76,0.5729,20220306130106.pth
nnc,0.5,0.6,0,0,0,resnest50,78,0.5527,20220306131314.pth
nnc,0.5,0.6,0,0,0,resnest50,79,0.5672,20220306131920.pth
nnc,0.5,0.6,0,0,0,resnest50,80,0.5629,20220306132528.pth
nnc,0.5,0.6,0,0,0,resnest50,81,0.5688,20220306133130.pth
nnc,0.5,0.6,0,0,0,resnest50,82,0.566,20220306133734.pth
nnc,0.5,0.6,0,0,0,resnest50,83,0.5612,20220306134338.pth
nnc,0.5,0.6,0,0,0,resnest50,85,0.571,20220306135545.pth
nnc,0.5,0.6,0,0,0,resnest50,86,0.5661,20220306140150.pth
nnc,0.5,0.6,0,0,0,resnest50,87,0.5649,20220306140753.pth
nnc,0.5,0.6,0,0,0,resnest50,88,0.5584,20220306141358.pth
nnc,0.5,0.6,0,0,0,resnest50,89,0.5583,20220306142002.pth
nnc,0.5,0.6,0,0,0,resnest50,90,0.5711,20220306142608.pth
nnc,0.5,0.6,0,0,0,resnest50,91,0.5655,20220306143214.pth
nnc,0.5,0.6,0,0,0,resnest50,92,0.5618,20220306143820.pth
nnc,0.5,0.6,0,0,0,resnest50,93,0.5556,20220306144425.pth
nnc,0.5,0.6,0,0,0,resnest50,94,0.5651,20220306145031.pth
nnc,0.5,0.6,0,0,0,resnest50,95,0.567,20220306145637.pth
nnc,0.5,0.6,0,0,0,resnest50,96,0.5547,20220306150243.pth
nnc,0.5,0.6,0,0,0,resnest50,97,0.5635,20220306150848.pth
nnc,0.5,0.6,0,0,0,resnest50,98,0.5637,20220306151455.pth
nnc,0.5,0.6,0,0,0,resnest50,99,0.5627,20220306152102.pth
nnc,5,0.6,0,0,0,resnest50,92,0.5878,20220302235914.pth
nnc,5,0.6,0,0,0,resnest50,85,0.586,20220302231833.pth
nnc,5,0.6,0,0,0,resnest50,95,0.5858,20220303001642.pth
nnc,5,0.6,0,0,0,resnest50,89,0.5838,20220302234151.pth
nnc,5,0.6,0,0,0,resnest50,76,0.5833,20220302222611.pth
nnc,5,0.6,0,0,0,resnest50,96,0.5828,20220303002230.pth
nnc,5,0.6,0,0,0,resnest50,91,0.5821,20220302235327.pth
nnc,5,0.6,0,0,0,resnest50,99,0.5817,20220303003957.pth
nnc,5,0.6,0,0,0,resnest50,98,0.5813,20220303003408.pth
nnc,5,0.6,0,0,0,resnest50,87,0.5803,20220302233011.pth
nnc,5,0.6,0,0,0,resnest50,93,0.5801,20220303000505.pth
nnc,5,0.6,0,0,0,resnest50,88,0.58,20220302233601.pth
nnc,5,0.6,0,0,0,resnest50,79,0.5795,20220302224338.pth
nnc,5,0.6,0,0,0,resnest50,80,0.5795,20220302224928.pth
nnc,5,0.6,0,0,0,resnest50,90,0.5795,20220302234740.pth
nnc,5,0.6,0,0,0,resnest50,94,0.5795,20220303001052.pth
nnc,5,0.6,0,0,0,resnest50,86,0.5794,20220302232422.pth
nnc,5,0.6,0,0,0,resnest50,84,0.579,20220302231245.pth
nnc,5,0.6,0,0,0,resnest50,97,0.5789,20220303002820.pth
nnc,5,0.6,0,0,0,resnest50,82,0.5787,20220302230106.pth
nnc,5,0.6,0,0,0,resnest50,71,0.5777,20220302215706.pth
nnc,5,0.6,0,0,0,resnest50,69,0.5774,20220302214527.pth
nnc,5,0.6,0,0,0,resnest50,57,0.577,20220302203543.pth
nnc,5,0.6,0,0,0,resnest50,74,0.5751,20220302221432.pth
nnc,5,0.6,0,0,0,resnest50,83,0.575,20220302230656.pth
nnc,5,0.6,0,0,0,resnest50,62,0.5745,20220302210443.pth
nnc,5,0.6,0,0,0,resnest50,77,0.5743,20220302223201.pth
nnc,5,0.6,0,0,0,resnest50,70,0.5742,20220302215117.pth
nnc,5,0.6,0,0,0,resnest50,68,0.5738,20220302213936.pth
nnc,5,0.6,0,0,0,resnest50,72,0.5738,20220302220255.pth
nnc,5,0.6,0,0,0,resnest50,81,0.5728,20220302225518.pth
nnc,5,0.6,0,0,0,resnest50,78,0.5725,20220302223750.pth
nnc,5,0.6,0,0,0,resnest50,58,0.572,20220302204131.pth
nnc,5,0.6,0,0,0,resnest50,54,0.5711,20220302201809.pth
nnc,5,0.6,0,0,0,resnest50,75,0.5711,20220302222022.pth
nnc,5,0.6,0,0,0,resnest50,55,0.5706,20220302202400.pth
nnc,5,0.6,0,0,0,resnest50,73,0.5699,20220302220844.pth
nnc,5,0.6,0,0,0,resnest50,61,0.5695,20220302205856.pth
nnc,5,0.6,0,0,0,resnest50,63,0.5695,20220302211033.pth
nnc,5,0.6,0,0,0,resnest50,64,0.5686,20220302211621.pth
nnc,5,0.6,0,0,0,resnest50,66,0.5678,20220302212758.pth
nnc,5,0.6,0,0,0,resnest50,60,0.5677,20220302205307.pth
nnc,5,0.6,0,0,0,resnest50,53,0.5675,20220302201216.pth
nnc,5,0.6,0,0,0,resnest50,56,0.5669,20220302202954.pth
nnc,5,0.6,0,0,0,resnest50,67,0.5667,20220302213345.pth
nnc,5,0.6,0,0,0,resnest50,59,0.5662,20220302204720.pth
nnc,5,0.6,0,0,0,resnest50,65,0.5652,20220302212209.pth
nnc,5,0.6,0,0,0,resnest50,50,0.5648,20220302195440.pth
nnc,5,0.6,0,0,0,resnest50,51,0.5621,20220302200032.pth
nnc,5,0.6,0,0,0,resnest50,52,0.5614,20220302200623.pth
nnc,5,0.6,1,1,1,resnest50,80,0.4483,20220303184240.pth
nnc,5,0.6,1,1,1,resnest50,84,0.4483,20220303190749.pth
nnc,5,0.6,1,1,1,resnest50,94,0.448,20220303201038.pth
nnc,5,0.6,1,1,1,resnest50,85,0.4476,20220303191406.pth
nnc,5,0.6,1,1,1,resnest50,95,0.4474,20220303201656.pth
nnc,5,0.6,0,0,1,resnest50,95,0.4472,20220303094905.pth
nnc,5,0.6,0,0,1,resnest50,99,0.4461,20220303101151.pth
nnc,5,0.6,1,1,1,resnest50,70,0.4458,20220303173948.pth
nnc,5,0.6,1,1,1,resnest50,71,0.4458,20220303174606.pth
nnc,5,0.6,0,0,1,resnest50,72,0.4455,20220303073758.pth
nnc,5,0.6,0,0,1,resnest50,85,0.4455,20220303085205.pth
nnc,5,0.6,0,0,1,resnest50,97,0.4451,20220303100027.pth
nnc,5,0.6,1,1,1,resnest50,99,0.4448,20220303204207.pth
nnc,5,0.6,1,1,1,resnest50,87,0.4441,20220303192642.pth
nnc,5,0.6,1,1,1,resnest50,92,0.444,20220303195803.pth
nnc,5,0.6,1,1,1,resnest50,83,0.4436,20220303190132.pth
nnc,5,0.6,1,1,1,resnest50,86,0.4433,20220303192024.pth
nnc,5,0.6,1,1,1,resnest50,90,0.4433,20220303194529.pth
nnc,5,0.6,0,0,1,resnest50,94,0.4432,20220303094324.pth
nnc,5,0.6,1,1,1,resnest50,76,0.4429,20220303181731.pth
nnc,5,0.6,0,0,1,resnest50,87,0.4428,20220303090328.pth
nnc,5,0.6,1,1,1,resnest50,97,0.4427,20220303202931.pth
nnc,5,0.6,1,1,1,resnest50,63,0.4424,20220303165551.pth
nnc,5,0.6,1,1,1,resnest50,82,0.4424,20220303185515.pth
nnc,5,0.6,0,0,1,resnest50,67,0.442,20220303070933.pth
nnc,5,0.6,0,0,1,resnest50,65,0.4419,20220303065809.pth
nnc,5,0.6,1,1,1,resnest50,73,0.4419,20220303175840.pth
nnc,5,0.6,0,0,1,resnest50,74,0.4418,20220303074922.pth
nnc,5,0.6,1,1,1,resnest50,88,0.4415,20220303193258.pth
nnc,5,0.6,1,1,1,resnest50,96,0.4414,20220303202313.pth
nnc,5,0.6,0,0,1,resnest50,86,0.4413,20220303085748.pth
nnc,5,0.6,0,0,1,resnest50,76,0.4412,20220303080045.pth
nnc,5,0.6,0,0,1,resnest50,77,0.4411,20220303080628.pth
nnc,5,0.6,1,1,1,resnest50,75,0.4411,20220303181115.pth
nnc,5,0.6,1,1,1,resnest50,65,0.4408,20220303170825.pth
nnc,5,0.6,1,1,1,resnest50,81,0.4408,20220303184857.pth
nnc,5,0.6,1,1,1,resnest50,54,0.4406,20220303155923.pth
nnc,5,0.6,1,1,1,resnest50,93,0.4405,20220303200421.pth
nnc,5,0.6,0,0,1,resnest50,59,0.4402,20220303062356.pth
nnc,5,0.6,0,0,1,resnest50,60,0.4401,20220303062939.pth
nnc,5,0.6,0,0,1,resnest50,98,0.4401,20220303100608.pth
nnc,5,0.6,1,1,1,resnest50,79,0.4401,20220303183623.pth
nnc,5,0.6,0,0,1,resnest50,93,0.4398,20220303093742.pth
nnc,5,0.6,0,0,1,resnest50,71,0.4396,20220303073217.pth
nnc,5,0.6,0,0,1,resnest50,96,0.4396,20220303095448.pth
nnc,5,0.6,0,0,1,resnest50,89,0.4393,20220303091452.pth
nnc,5,0.6,1,1,1,resnest50,89,0.4393,20220303193914.pth
nnc,5,0.6,0,0,1,resnest50,90,0.4387,20220303092034.pth
nnc,5,0.6,0,0,1,resnest50,68,0.438,20220303071514.pth
nnc,5,0.6,1,1,1,resnest50,69,0.438,20220303173330.pth
nnc,5,0.6,0,0,1,resnest50,82,0.4377,20220303083457.pth
nnc,5,0.6,1,1,1,resnest50,74,0.4377,20220303180456.pth
nnc,5,0.6,1,1,1,resnest50,68,0.4376,20220303172715.pth
nnc,5,0.6,1,1,1,resnest50,78,0.4375,20220303183005.pth
nnc,5,0.6,1,1,1,resnest50,77,0.4374,20220303182348.pth
nnc,5,0.6,1,1,1,resnest50,91,0.4374,20220303195146.pth
nnc,5,0.6,0,0,1,resnest50,79,0.4369,20220303081750.pth
nnc,5,0.6,1,1,1,resnest50,60,0.4367,20220303163701.pth
nnc,5,0.6,0,0,1,resnest50,83,0.4366,20220303084039.pth
nnc,5,0.6,0,0,1,resnest50,70,0.4361,20220303072636.pth
nnc,5,0.6,1,1,1,resnest50,67,0.4361,20220303172057.pth
nnc,5,0.6,1,1,1,resnest50,72,0.4359,20220303175223.pth
nnc,5,0.6,1,1,1,resnest50,98,0.4354,20220303203551.pth
nnc,5,0.6,0,0,1,resnest50,91,0.4349,20220303092618.pth
nnc,5,0.6,0,0,1,resnest50,69,0.4347,20220303072055.pth
nnc,5,0.6,1,1,1,resnest50,51,0.4347,20220303154036.pth
nnc,5,0.6,0,0,1,resnest50,49,0.4344,20220303052656.pth
nnc,5,0.6,0,0,1,resnest50,63,0.4344,20220303064645.pth
nnc,5,0.6,0,0,1,resnest50,92,0.4343,20220303093200.pth
nnc,5,0.6,1,1,1,resnest50,58,0.4343,20220303162427.pth
nnc,5,0.6,1,1,1,resnest50,50,0.4341,20220303153419.pth
nnc,5,0.6,0,0,1,resnest50,54,0.4331,20220303055526.pth
nnc,5,0.6,0,0,1,resnest50,88,0.4331,20220303090909.pth
nnc,5,0.6,0,0,1,resnest50,55,0.4328,20220303060107.pth
nnc,5,0.6,1,1,1,resnest50,64,0.4328,20220303170208.pth
nnc,5,0.6,0,0,1,resnest50,62,0.4325,20220303064105.pth
nnc,5,0.6,1,1,1,resnest50,59,0.4323,20220303163045.pth
nnc,5,0.6,1,1,1,resnest50,52,0.432,20220303154652.pth
nnc,5,0.6,1,1,1,resnest50,61,0.4317,20220303164319.pth
nnc,5,0.6,0,0,1,resnest50,78,0.4316,20220303081209.pth
nnc,5,0.6,0,0,1,resnest50,75,0.4314,20220303075502.pth
nnc,5,0.6,0,0,1,resnest50,84,0.4314,20220303084622.pth
nnc,5,0.6,1,1,1,resnest50,66,0.4314,20220303171441.pth
nnc,5,0.6,1,1,1,resnest50,55,0.4313,20220303160540.pth
nnc,5,0.6,0,0,1,resnest50,80,0.4308,20220303082332.pth
nnc,5,0.6,1,1,1,resnest50,44,0.4299,20220303145642.pth
nnc,5,0.6,1,1,1,resnest50,57,0.4299,20220303161812.pth
nnc,5,0.6,1,1,1,resnest50,53,0.4298,20220303155307.pth
nnc,5,0.6,1,1,1,resnest50,45,0.4296,20220303150300.pth
nnc,5,0.6,0,0,1,resnest50,58,0.4294,20220303061813.pth
nnc,5,0.6,0,0,1,resnest50,66,0.4276,20220303070351.pth
nnc,5,0.6,0,0,1,resnest50,36,0.4267,20220303041251.pth
nnc,5,0.6,0,0,1,resnest50,47,0.4264,20220303051531.pth
nnc,5,0.6,0,0,1,resnest50,64,0.4259,20220303065227.pth
nnc,5,0.6,0,0,1,resnest50,46,0.4257,20220303050948.pth
nnc,5,0.6,0,0,1,resnest50,61,0.4256,20220303063521.pth
nnc,5,0.6,0,0,1,resnest50,81,0.4251,20220303082914.pth
nnc,5,0.6,0,0,1,resnest50,57,0.4242,20220303061230.pth
nnc,5,0.6,0,0,1,resnest50,56,0.4227,20220303060650.pth
nnc,5,0.6,0,0,1,resnest50,73,0.4226,20220303074339.pth
nnc,5,0.6,0,1,1,resnest50,45,0.4273,20220313140152.pth
nnc,5,0.6,0,1,1,resnest50,47,0.4292,20220313141527.pth
nnc,5,0.6,0,1,1,resnest50,48,0.4242,20220313142213.pth
nnc,5,0.6,0,1,1,resnest50,49,0.4254,20220313142900.pth
nnc,5,0.6,0,1,1,resnest50,51,0.4309,20220313144231.pth
nnc,5,0.6,0,1,1,resnest50,53,0.4233,20220313145606.pth
nnc,5,0.6,0,1,1,resnest50,55,0.4373,20220313150933.pth
nnc,5,0.6,0,1,1,resnest50,56,0.4335,20220313151611.pth
nnc,5,0.6,0,1,1,resnest50,57,0.4417,20220313152251.pth
nnc,5,0.6,0,1,1,resnest50,58,0.4373,20220313152933.pth
nnc,5,0.6,0,1,1,resnest50,59,0.447,20220313153617.pth
nnc,5,0.6,0,1,1,resnest50,60,0.4453,20220313154303.pth
nnc,5,0.6,0,1,1,resnest50,61,0.4309,20220313154944.pth
nnc,5,0.6,0,1,1,resnest50,62,0.4375,20220313155630.pth
nnc,5,0.6,0,1,1,resnest50,63,0.4414,20220313160318.pth
nnc,5,0.6,0,1,1,resnest50,64,0.4341,20220313161005.pth
nnc,5,0.6,0,1,1,resnest50,66,0.4338,20220313162340.pth
nnc,5,0.6,0,1,1,resnest50,67,0.4382,20220313163024.pth
nnc,5,0.6,0,1,1,resnest50,68,0.4445,20220313163712.pth
nnc,5,0.6,0,1,1,resnest50,69,0.4458,20220313164351.pth
nnc,5,0.6,0,1,1,resnest50,70,0.4371,20220313165036.pth
nnc,5,0.6,0,1,1,resnest50,71,0.4392,20220313165717.pth
nnc,5,0.6,0,1,1,resnest50,72,0.4324,20220313170359.pth
nnc,5,0.6,0,1,1,resnest50,73,0.4339,20220313171048.pth
nnc,5,0.6,0,1,1,resnest50,74,0.4398,20220313171725.pth
nnc,5,0.6,0,1,1,resnest50,75,0.4361,20220313172415.pth
nnc,5,0.6,0,1,1,resnest50,76,0.4363,20220313173051.pth
nnc,5,0.6,0,1,1,resnest50,77,0.436,20220313173736.pth
nnc,5,0.6,0,1,1,resnest50,78,0.4398,20220313174425.pth
nnc,5,0.6,0,1,1,resnest50,79,0.4426,20220313175115.pth
nnc,5,0.6,0,1,1,resnest50,80,0.4362,20220313175753.pth
nnc,5,0.6,0,1,1,resnest50,81,0.4359,20220313180426.pth
nnc,5,0.6,0,1,1,resnest50,82,0.4478,20220313181105.pth
nnc,5,0.6,0,1,1,resnest50,83,0.442,20220313181748.pth
nnc,5,0.6,0,1,1,resnest50,84,0.4418,20220313182432.pth
nnc,5,0.6,0,1,1,resnest50,85,0.4418,20220313183118.pth
nnc,5,0.6,0,1,1,resnest50,86,0.4471,20220313183807.pth
nnc,5,0.6,0,1,1,resnest50,87,0.4431,20220313184454.pth
nnc,5,0.6,0,1,1,resnest50,88,0.4433,20220313185142.pth
nnc,5,0.6,0,1,1,resnest50,89,0.4447,20220313185831.pth
nnc,5,0.6,0,1,1,resnest50,90,0.4426,20220313190519.pth
nnc,5,0.6,0,1,1,resnest50,91,0.4436,20220313191205.pth
nnc,5,0.6,0,1,1,resnest50,92,0.4437,20220313191852.pth
nnc,5,0.6,0,1,1,resnest50,93,0.4414,20220313192539.pth
nnc,5,0.6,0,1,1,resnest50,94,0.4425,20220313193229.pth
nnc,5,0.6,0,1,1,resnest50,95,0.4413,20220313193916.pth
nnc,5,0.6,0,1,1,resnest50,96,0.4442,20220313194605.pth
nnc,5,0.6,0,1,1,resnest50,97,0.4428,20220313195254.pth
nnc,5,0.6,0,1,1,resnest50,98,0.4446,20220313195941.pth
nnc,5,0.6,0,1,1,resnest50,99,0.4445,20220313200629.pth
nnc,5,0.6,1,0,1,resnest50,45,0.4309,20220314005728.pth
nnc,5,0.6,1,0,1,resnest50,46,0.4365,20220314010344.pth
nnc,5,0.6,1,0,1,resnest50,47,0.4335,20220314011000.pth
nnc,5,0.6,1,0,1,resnest50,49,0.4291,20220314012234.pth
nnc,5,0.6,1,0,1,resnest50,51,0.4308,20220314013510.pth
nnc,5,0.6,1,0,1,resnest50,52,0.4334,20220314014132.pth
nnc,5,0.6,1,0,1,resnest50,53,0.4286,20220314014754.pth
nnc,5,0.6,1,0,1,resnest50,55,0.4317,20220314020036.pth
nnc,5,0.6,1,0,1,resnest50,57,0.4318,20220314021318.pth
nnc,5,0.6,1,0,1,resnest50,58,0.4349,20220314021939.pth
nnc,5,0.6,1,0,1,resnest50,59,0.4367,20220314022559.pth
nnc,5,0.6,1,0,1,resnest50,60,0.4359,20220314023220.pth
nnc,5,0.6,1,0,1,resnest50,61,0.4305,20220314023840.pth
nnc,5,0.6,1,0,1,resnest50,62,0.4308,20220314024459.pth
nnc,5,0.6,1,0,1,resnest50,64,0.4358,20220314025738.pth
nnc,5,0.6,1,0,1,resnest50,65,0.4352,20220314030358.pth
nnc,5,0.6,1,0,1,resnest50,66,0.4329,20220314031019.pth
nnc,5,0.6,1,0,1,resnest50,67,0.4391,20220314031639.pth
nnc,5,0.6,1,0,1,resnest50,68,0.4394,20220314032258.pth
nnc,5,0.6,1,0,1,resnest50,69,0.4328,20220314032916.pth
nnc,5,0.6,1,0,1,resnest50,70,0.4368,20220314033536.pth
nnc,5,0.6,1,0,1,resnest50,71,0.4398,20220314034155.pth
nnc,5,0.6,1,0,1,resnest50,72,0.4333,20220314034816.pth
nnc,5,0.6,1,0,1,resnest50,73,0.4368,20220314035435.pth
nnc,5,0.6,1,0,1,resnest50,74,0.4417,20220314040053.pth
nnc,5,0.6,1,0,1,resnest50,75,0.4451,20220314040713.pth
nnc,5,0.6,1,0,1,resnest50,76,0.4391,20220314041332.pth
nnc,5,0.6,1,0,1,resnest50,77,0.4446,20220314041951.pth
nnc,5,0.6,1,0,1,resnest50,78,0.4393,20220314042611.pth
nnc,5,0.6,1,0,1,resnest50,79,0.4464,20220314043231.pth
nnc,5,0.6,1,0,1,resnest50,80,0.4452,20220314043849.pth
nnc,5,0.6,1,0,1,resnest50,81,0.4468,20220314044506.pth
nnc,5,0.6,1,0,1,resnest50,82,0.4413,20220314045114.pth
nnc,5,0.6,1,0,1,resnest50,83,0.4409,20220314045713.pth
nnc,5,0.6,1,0,1,resnest50,84,0.4373,20220314050312.pth
nnc,5,0.6,1,0,1,resnest50,85,0.4355,20220314050910.pth
nnc,5,0.6,1,0,1,resnest50,86,0.4376,20220314051510.pth
nnc,5,0.6,1,0,1,resnest50,87,0.4439,20220314052109.pth
nnc,5,0.6,1,0,1,resnest50,88,0.4406,20220314052708.pth
nnc,5,0.6,1,0,1,resnest50,89,0.4418,20220314053306.pth
nnc,5,0.6,1,0,1,resnest50,90,0.4431,20220314053905.pth
nnc,5,0.6,1,0,1,resnest50,91,0.4464,20220314054504.pth
nnc,5,0.6,1,0,1,resnest50,92,0.4417,20220314055102.pth
nnc,5,0.6,1,0,1,resnest50,93,0.4496,20220314055700.pth
nnc,5,0.6,1,0,1,resnest50,94,0.4361,20220314060259.pth
nnc,5,0.6,1,0,1,resnest50,95,0.4427,20220314060858.pth
nnc,5,0.6,1,0,1,resnest50,96,0.4427,20220314061456.pth
nnc,5,0.6,1,0,1,resnest50,97,0.4397,20220314062056.pth
nnc,5,0.6,1,0,1,resnest50,98,0.446,20220314062654.pth
nnc,5,0.6,1,0,1,resnest50,99,0.4447,20220314063251.pth
nc,5,0.6,0,1,1,resnest50,40,0.3905,20220312153604.pth
nc,5,0.6,0,1,1,resnest50,45,0.3962,20220312161030.pth
nc,5,0.6,0,1,1,resnest50,48,0.3946,20220312163144.pth
nc,5,0.6,0,1,1,resnest50,50,0.3884,20220312164549.pth
nc,5,0.6,0,1,1,resnest50,51,0.3898,20220312165247.pth
nc,5,0.6,0,1,1,resnest50,53,0.3935,20220312170644.pth
nc,5,0.6,0,1,1,resnest50,54,0.3953,20220312171342.pth
nc,5,0.6,0,1,1,resnest50,55,0.3916,20220312172031.pth
nc,5,0.6,0,1,1,resnest50,56,0.3897,20220312172717.pth
nc,5,0.6,0,1,1,resnest50,57,0.4002,20220312173415.pth
nc,5,0.6,0,1,1,resnest50,58,0.3962,20220312174116.pth
nc,5,0.6,0,1,1,resnest50,59,0.4042,20220312174817.pth
nc,5,0.6,0,1,1,resnest50,60,0.3937,20220312175520.pth
nc,5,0.6,0,1,1,resnest50,62,0.3876,20220312180919.pth
nc,5,0.6,0,1,1,resnest50,63,0.3953,20220312181620.pth
nc,5,0.6,0,1,1,resnest50,64,0.3899,20220312182319.pth
nc,5,0.6,0,1,1,resnest50,66,0.3971,20220312183715.pth
nc,5,0.6,0,1,1,resnest50,67,0.3992,20220312184408.pth
nc,5,0.6,0,1,1,resnest50,68,0.4057,20220312185105.pth
nc,5,0.6,0,1,1,resnest50,69,0.4014,20220312185803.pth
nc,5,0.6,0,1,1,resnest50,70,0.4032,20220312190503.pth
nc,5,0.6,0,1,1,resnest50,71,0.3985,20220312191203.pth
nc,5,0.6,0,1,1,resnest50,72,0.3996,20220312191906.pth
nc,5,0.6,0,1,1,resnest50,73,0.3957,20220312192607.pth
nc,5,0.6,0,1,1,resnest50,74,0.4031,20220312193308.pth
nc,5,0.6,0,1,1,resnest50,75,0.4015,20220312194010.pth
nc,5,0.6,0,1,1,resnest50,76,0.4018,20220312194712.pth
nc,5,0.6,0,1,1,resnest50,77,0.3959,20220312195414.pth
nc,5,0.6,0,1,1,resnest50,78,0.4104,20220312200116.pth
nc,5,0.6,0,1,1,resnest50,79,0.4016,20220312200818.pth
nc,5,0.6,0,1,1,resnest50,80,0.4065,20220312201518.pth
nc,5,0.6,0,1,1,resnest50,81,0.4003,20220312202219.pth
nc,5,0.6,0,1,1,resnest50,82,0.4054,20220312202920.pth
nc,5,0.6,0,1,1,resnest50,83,0.4012,20220312203621.pth
nc,5,0.6,0,1,1,resnest50,84,0.4039,20220312204320.pth
nc,5,0.6,0,1,1,resnest50,85,0.4022,20220312205021.pth
nc,5,0.6,0,1,1,resnest50,86,0.409,20220312205721.pth
nc,5,0.6,0,1,1,resnest50,87,0.4006,20220312210421.pth
nc,5,0.6,0,1,1,resnest50,88,0.4087,20220312211122.pth
nc,5,0.6,0,1,1,resnest50,89,0.4077,20220312211822.pth
nc,5,0.6,0,1,1,resnest50,90,0.4054,20220312212522.pth
nc,5,0.6,0,1,1,resnest50,91,0.4059,20220312213222.pth
nc,5,0.6,0,1,1,resnest50,92,0.4013,20220312213923.pth
nc,5,0.6,0,1,1,resnest50,93,0.4055,20220312214614.pth
nc,5,0.6,0,1,1,resnest50,94,0.3999,20220312215307.pth
nc,5,0.6,0,1,1,resnest50,95,0.3997,20220312220004.pth
nc,5,0.6,0,1,1,resnest50,96,0.4013,20220312220703.pth
nc,5,0.6,0,1,1,resnest50,97,0.4026,20220312221400.pth
nc,5,0.6,0,1,1,resnest50,98,0.4019,20220312222056.pth
nc,5,0.6,0,1,1,resnest50,99,0.4075,20220312222756.pth
nc,5,0.6,1,0,1,resnest50,39,0.3784,20220313023729.pth
nc,5,0.6,1,0,1,resnest50,46,0.3766,20220313032107.pth
nc,5,0.6,1,0,1,resnest50,47,0.383,20220313032718.pth
nc,5,0.6,1,0,1,resnest50,49,0.3852,20220313033940.pth
nc,5,0.6,1,0,1,resnest50,51,0.3818,20220313035204.pth
nc,5,0.6,1,0,1,resnest50,52,0.3848,20220313035815.pth
nc,5,0.6,1,0,1,resnest50,54,0.3773,20220313041040.pth
nc,5,0.6,1,0,1,resnest50,55,0.3815,20220313041651.pth
nc,5,0.6,1,0,1,resnest50,56,0.3741,20220313042302.pth
nc,5,0.6,1,0,1,resnest50,57,0.3731,20220313042914.pth
nc,5,0.6,1,0,1,resnest50,59,0.3793,20220313044135.pth
nc,5,0.6,1,0,1,resnest50,60,0.3794,20220313044745.pth
nc,5,0.6,1,0,1,resnest50,62,0.3829,20220313050010.pth
nc,5,0.6,1,0,1,resnest50,63,0.3878,20220313050625.pth
nc,5,0.6,1,0,1,resnest50,64,0.3801,20220313051241.pth
nc,5,0.6,1,0,1,resnest50,65,0.379,20220313051853.pth
nc,5,0.6,1,0,1,resnest50,66,0.3865,20220313052507.pth
nc,5,0.6,1,0,1,resnest50,67,0.3818,20220313053120.pth
nc,5,0.6,1,0,1,resnest50,68,0.3908,20220313053733.pth
nc,5,0.6,1,0,1,resnest50,69,0.3882,20220313054345.pth
nc,5,0.6,1,0,1,resnest50,70,0.3871,20220313054956.pth
nc,5,0.6,1,0,1,resnest50,71,0.3839,20220313055608.pth
nc,5,0.6,1,0,1,resnest50,72,0.3875,20220313060222.pth
nc,5,0.6,1,0,1,resnest50,73,0.3776,20220313060836.pth
nc,5,0.6,1,0,1,resnest50,74,0.3948,20220313061446.pth
nc,5,0.6,1,0,1,resnest50,75,0.3974,20220313062101.pth
nc,5,0.6,1,0,1,resnest50,76,0.3857,20220313062716.pth
nc,5,0.6,1,0,1,resnest50,77,0.3843,20220313063331.pth
nc,5,0.6,1,0,1,resnest50,78,0.3828,20220313063945.pth
nc,5,0.6,1,0,1,resnest50,79,0.3907,20220313064601.pth
nc,5,0.6,1,0,1,resnest50,80,0.3939,20220313065215.pth
nc,5,0.6,1,0,1,resnest50,81,0.393,20220313065829.pth
nc,5,0.6,1,0,1,resnest50,82,0.3981,20220313070443.pth
nc,5,0.6,1,0,1,resnest50,83,0.3841,20220313071059.pth
nc,5,0.6,1,0,1,resnest50,84,0.3883,20220313071713.pth
nc,5,0.6,1,0,1,resnest50,85,0.3826,20220313072327.pth
nc,5,0.6,1,0,1,resnest50,86,0.3851,20220313072942.pth
nc,5,0.6,1,0,1,resnest50,87,0.3884,20220313073554.pth
nc,5,0.6,1,0,1,resnest50,88,0.3881,20220313074209.pth
nc,5,0.6,1,0,1,resnest50,89,0.3903,20220313074822.pth
nc,5,0.6,1,0,1,resnest50,90,0.3875,20220313075436.pth
nc,5,0.6,1,0,1,resnest50,91,0.394,20220313080049.pth
nc,5,0.6,1,0,1,resnest50,92,0.3896,20220313080703.pth
nc,5,0.6,1,0,1,resnest50,93,0.4007,20220313081316.pth
nc,5,0.6,1,0,1,resnest50,94,0.3844,20220313081927.pth
nc,5,0.6,1,0,1,resnest50,95,0.385,20220313082540.pth
nc,5,0.6,1,0,1,resnest50,96,0.3861,20220313083153.pth
nc,5,0.6,1,0,1,resnest50,97,0.3842,20220313083804.pth
nc,5,0.6,1,0,1,resnest50,98,0.3897,20220313084415.pth
nc,5,0.6,1,0,1,resnest50,99,0.3864,20220313085027.pth
nc,0.5,0.6,0,0,0,resnest50,31,0.5245,20220315010441.pth
nc,0.5,0.6,0,0,0,resnest50,37,0.5226,20220315014358.pth
nc,0.5,0.6,0,0,0,resnest50,41,0.5314,20220315021007.pth
nc,0.5,0.6,0,0,0,resnest50,42,0.5371,20220315021641.pth
nc,0.5,0.6,0,0,0,resnest50,44,0.5343,20220315022947.pth
nc,0.5,0.6,0,0,0,resnest50,48,0.5282,20220315025601.pth
nc,0.5,0.6,0,0,0,resnest50,49,0.5268,20220315030236.pth
nc,0.5,0.6,0,0,0,resnest50,51,0.5247,20220315031545.pth
nc,0.5,0.6,0,0,0,resnest50,53,0.5399,20220315032856.pth
nc,0.5,0.6,0,0,0,resnest50,55,0.5225,20220315034146.pth
nc,0.5,0.6,0,0,0,resnest50,56,0.5404,20220315034800.pth
nc,0.5,0.6,0,0,0,resnest50,57,0.5324,20220315035417.pth
nc,0.5,0.6,0,0,0,resnest50,58,0.5275,20220315040030.pth
nc,0.5,0.6,0,0,0,resnest50,60,0.5263,20220315041300.pth
nc,0.5,0.6,0,0,0,resnest50,61,0.5284,20220315041914.pth
nc,0.5,0.6,0,0,0,resnest50,62,0.5248,20220315042528.pth
nc,0.5,0.6,0,0,0,resnest50,64,0.5284,20220315043756.pth
nc,0.5,0.6,0,0,0,resnest50,65,0.5288,20220315044409.pth
nc,0.5,0.6,0,0,0,resnest50,66,0.5316,20220315045022.pth
nc,0.5,0.6,0,0,0,resnest50,68,0.5236,20220315050249.pth
nc,0.5,0.6,0,0,0,resnest50,69,0.5432,20220315050901.pth
nc,0.5,0.6,0,0,0,resnest50,70,0.536,20220315051513.pth
nc,0.5,0.6,0,0,0,resnest50,71,0.5286,20220315052126.pth
nc,0.5,0.6,0,0,0,resnest50,72,0.523,20220315052741.pth
nc,0.5,0.6,0,0,0,resnest50,73,0.5331,20220315053352.pth
nc,0.5,0.6,0,0,0,resnest50,74,0.5269,20220315054005.pth
nc,0.5,0.6,0,0,0,resnest50,75,0.5249,20220315054618.pth
nc,0.5,0.6,0,0,0,resnest50,76,0.5472,20220315055231.pth
nc,0.5,0.6,0,0,0,resnest50,77,0.5221,20220315055843.pth
nc,0.5,0.6,0,0,0,resnest50,79,0.5258,20220315061108.pth
nc,0.5,0.6,0,0,0,resnest50,80,0.5319,20220315061722.pth
nc,0.5,0.6,0,0,0,resnest50,81,0.5355,20220315062336.pth
nc,0.5,0.6,0,0,0,resnest50,82,0.5328,20220315062948.pth
nc,0.5,0.6,0,0,0,resnest50,83,0.5264,20220315063602.pth
nc,0.5,0.6,0,0,0,resnest50,84,0.529,20220315064214.pth
nc,0.5,0.6,0,0,0,resnest50,85,0.5365,20220315064828.pth
nc,0.5,0.6,0,0,0,resnest50,86,0.535,20220315065439.pth
nc,0.5,0.6,0,0,0,resnest50,87,0.5305,20220315070055.pth
nc,0.5,0.6,0,0,0,resnest50,88,0.5259,20220315070707.pth
nc,0.5,0.6,0,0,0,resnest50,89,0.5206,20220315071321.pth
nc,0.5,0.6,0,0,0,resnest50,90,0.5408,20220315071934.pth
nc,0.5,0.6,0,0,0,resnest50,91,0.5321,20220315072548.pth
nc,0.5,0.6,0,0,0,resnest50,92,0.5352,20220315073200.pth
nc,0.5,0.6,0,0,0,resnest50,93,0.522,20220315073813.pth
nc,0.5,0.6,0,0,0,resnest50,94,0.5359,20220315074428.pth
nc,0.5,0.6,0,0,0,resnest50,95,0.5315,20220315075041.pth
nc,0.5,0.6,0,0,0,resnest50,96,0.524,20220315075654.pth
nc,0.5,0.6,0,0,0,resnest50,97,0.5359,20220315080307.pth
nc,0.5,0.6,0,0,0,resnest50,98,0.5277,20220315080920.pth
nc,0.5,0.6,0,0,0,resnest50,99,0.5226,20220315081533.pth
nc,0.5,0.6,0,0,1,resnest50,24,0.376,20220315104742.pth
nc,0.5,0.6,0,0,1,resnest50,25,0.3726,20220315105345.pth
nc,0.5,0.6,0,0,1,resnest50,29,0.3726,20220315111754.pth
nc,0.5,0.6,0,0,1,resnest50,31,0.3876,20220315112956.pth
nc,0.5,0.6,0,0,1,resnest50,34,0.382,20220315114744.pth
nc,0.5,0.6,0,0,1,resnest50,38,0.3748,20220315121105.pth
nc,0.5,0.6,0,0,1,resnest50,40,0.3708,20220315122248.pth
nc,0.5,0.6,0,0,1,resnest50,46,0.3737,20220315125748.pth
nc,0.5,0.6,0,0,1,resnest50,49,0.3774,20220315131518.pth
nc,0.5,0.6,0,0,1,resnest50,50,0.3725,20220315132109.pth
nc,0.5,0.6,0,0,1,resnest50,52,0.3849,20220315133251.pth
nc,0.5,0.6,0,0,1,resnest50,53,0.3769,20220315133843.pth
nc,0.5,0.6,0,0,1,resnest50,54,0.3783,20220315134432.pth
nc,0.5,0.6,0,0,1,resnest50,55,0.3735,20220315135023.pth
nc,0.5,0.6,0,0,1,resnest50,57,0.3796,20220315140204.pth
nc,0.5,0.6,0,0,1,resnest50,60,0.3751,20220315141935.pth
nc,0.5,0.6,0,0,1,resnest50,61,0.3709,20220315142528.pth
nc,0.5,0.6,0,0,1,resnest50,62,0.3846,20220315143119.pth
nc,0.5,0.6,0,0,1,resnest50,65,0.3748,20220315144855.pth
nc,0.5,0.6,0,0,1,resnest50,66,0.374,20220315145445.pth
nc,0.5,0.6,0,0,1,resnest50,67,0.3766,20220315150035.pth
nc,0.5,0.6,0,0,1,resnest50,68,0.3758,20220315150626.pth
nc,0.5,0.6,0,0,1,resnest50,69,0.392,20220315151217.pth
nc,0.5,0.6,0,0,1,resnest50,70,0.3786,20220315151810.pth
nc,0.5,0.6,0,0,1,resnest50,71,0.3754,20220315152400.pth
nc,0.5,0.6,0,0,1,resnest50,72,0.3736,20220315152951.pth
nc,0.5,0.6,0,0,1,resnest50,73,0.385,20220315153541.pth
nc,0.5,0.6,0,0,1,resnest50,74,0.3736,20220315154133.pth
nc,0.5,0.6,0,0,1,resnest50,75,0.3727,20220315154722.pth
nc,0.5,0.6,0,0,1,resnest50,76,0.3749,20220315155312.pth
nc,0.5,0.6,0,0,1,resnest50,78,0.373,20220315160455.pth
nc,0.5,0.6,0,0,1,resnest50,79,0.3759,20220315161046.pth
nc,0.5,0.6,0,0,1,resnest50,81,0.3695,20220315162228.pth
nc,0.5,0.6,0,0,1,resnest50,82,0.3787,20220315162818.pth
nc,0.5,0.6,0,0,1,resnest50,83,0.3741,20220315163409.pth
nc,0.5,0.6,0,0,1,resnest50,84,0.3781,20220315164001.pth
nc,0.5,0.6,0,0,1,resnest50,85,0.3742,20220315164547.pth
nc,0.5,0.6,0,0,1,resnest50,86,0.3844,20220315165131.pth
nc,0.5,0.6,0,0,1,resnest50,87,0.3786,20220315165732.pth
nc,0.5,0.6,0,0,1,resnest50,88,0.374,20220315170334.pth
nc,0.5,0.6,0,0,1,resnest50,89,0.3816,20220315170935.pth
nc,0.5,0.6,0,0,1,resnest50,90,0.3796,20220315171537.pth
nc,0.5,0.6,0,0,1,resnest50,91,0.3742,20220315172138.pth
nc,0.5,0.6,0,0,1,resnest50,93,0.3812,20220315173337.pth
nc,0.5,0.6,0,0,1,resnest50,94,0.3684,20220315173936.pth
nc,0.5,0.6,0,0,1,resnest50,95,0.3742,20220315174532.pth
nc,0.5,0.6,0,0,1,resnest50,96,0.3762,20220315175128.pth
nc,0.5,0.6,0,0,1,resnest50,97,0.3874,20220315175725.pth
nc,0.5,0.6,0,0,1,resnest50,98,0.3773,20220315180320.pth
nc,0.5,0.6,0,0,1,resnest50,99,0.3848,20220315180916.pth
nc,0.5,0.6,1,1,1,resnest50,25,0.3717,20220315210436.pth
nc,0.5,0.6,1,1,1,resnest50,29,0.3806,20220315213111.pth
nc,0.5,0.6,1,1,1,resnest50,30,0.3834,20220315213750.pth
nc,0.5,0.6,1,1,1,resnest50,33,0.3806,20220315215708.pth
nc,0.5,0.6,1,1,1,resnest50,34,0.3768,20220315220326.pth
nc,0.5,0.6,1,1,1,resnest50,36,0.3763,20220315221600.pth
nc,0.5,0.6,1,1,1,resnest50,40,0.3734,20220315224149.pth
nc,0.5,0.6,1,1,1,resnest50,43,0.3815,20220315230219.pth
nc,0.5,0.6,1,1,1,resnest50,44,0.3733,20220315230910.pth
nc,0.5,0.6,1,1,1,resnest50,45,0.3756,20220315231559.pth
nc,0.5,0.6,1,1,1,resnest50,50,0.3813,20220315235011.pth
nc,0.5,0.6,1,1,1,resnest50,52,0.3817,20220316000321.pth
nc,0.5,0.6,1,1,1,resnest50,54,0.3736,20220316001613.pth
nc,0.5,0.6,1,1,1,resnest50,55,0.3764,20220316002258.pth
nc,0.5,0.6,1,1,1,resnest50,56,0.3824,20220316002922.pth
nc,0.5,0.6,1,1,1,resnest50,57,0.3745,20220316003546.pth
nc,0.5,0.6,1,1,1,resnest50,58,0.3743,20220316004210.pth
nc,0.5,0.6,1,1,1,resnest50,60,0.3847,20220316005455.pth
nc,0.5,0.6,1,1,1,resnest50,61,0.3805,20220316010116.pth
nc,0.5,0.6,1,1,1,resnest50,62,0.3784,20220316010737.pth
nc,0.5,0.6,1,1,1,resnest50,63,0.3878,20220316011408.pth
nc,0.5,0.6,1,1,1,resnest50,65,0.3734,20220316012740.pth
nc,0.5,0.6,1,1,1,resnest50,67,0.3734,20220316014115.pth
nc,0.5,0.6,1,1,1,resnest50,70,0.3823,20220316020130.pth
nc,0.5,0.6,1,1,1,resnest50,71,0.3772,20220316020817.pth
nc,0.5,0.6,1,1,1,resnest50,73,0.3932,20220316022151.pth
nc,0.5,0.6,1,1,1,resnest50,74,0.3718,20220316022838.pth
nc,0.5,0.6,1,1,1,resnest50,75,0.3743,20220316023525.pth
nc,0.5,0.6,1,1,1,resnest50,77,0.3792,20220316024857.pth
nc,0.5,0.6,1,1,1,resnest50,78,0.3753,20220316025543.pth
nc,0.5,0.6,1,1,1,resnest50,79,0.3822,20220316030230.pth
nc,0.5,0.6,1,1,1,resnest50,80,0.3777,20220316030917.pth
nc,0.5,0.6,1,1,1,resnest50,81,0.3724,20220316031559.pth
nc,0.5,0.6,1,1,1,resnest50,82,0.376,20220316032240.pth
nc,0.5,0.6,1,1,1,resnest50,83,0.3758,20220316032920.pth
nc,0.5,0.6,1,1,1,resnest50,84,0.3891,20220316033559.pth
nc,0.5,0.6,1,1,1,resnest50,85,0.3776,20220316034239.pth
nc,0.5,0.6,1,1,1,resnest50,86,0.3866,20220316034919.pth
nc,0.5,0.6,1,1,1,resnest50,87,0.3759,20220316035602.pth
nc,0.5,0.6,1,1,1,resnest50,88,0.3869,20220316040241.pth
nc,0.5,0.6,1,1,1,resnest50,89,0.3816,20220316040920.pth
nc,0.5,0.6,1,1,1,resnest50,90,0.3901,20220316041601.pth
nc,0.5,0.6,1,1,1,resnest50,91,0.3776,20220316042240.pth
nc,0.5,0.6,1,1,1,resnest50,92,0.3718,20220316042919.pth
nc,0.5,0.6,1,1,1,resnest50,93,0.3809,20220316043558.pth
nc,0.5,0.6,1,1,1,resnest50,94,0.3889,20220316044235.pth
nc,0.5,0.6,1,1,1,resnest50,95,0.3776,20220316044913.pth
nc,0.5,0.6,1,1,1,resnest50,96,0.3798,20220316045552.pth
nc,0.5,0.6,1,1,1,resnest50,97,0.3885,20220316050232.pth
nc,0.5,0.6,1,1,1,resnest50,99,0.3917,20220316051552.pth
nc,5,0.6,0,1,1,resnest50,40,0.3905,20220316094747.pth
nc,5,0.6,0,1,1,resnest50,45,0.3962,20220316102048.pth
nc,5,0.6,0,1,1,resnest50,48,0.3946,20220316104032.pth
nc,5,0.6,0,1,1,resnest50,50,0.3884,20220316105342.pth
nc,5,0.6,0,1,1,resnest50,51,0.3898,20220316110017.pth
nc,5,0.6,0,1,1,resnest50,53,0.3935,20220316111326.pth
nc,5,0.6,0,1,1,resnest50,54,0.3953,20220316111959.pth
nc,5,0.6,0,1,1,resnest50,55,0.3916,20220316112634.pth
nc,5,0.6,0,1,1,resnest50,56,0.3897,20220316113308.pth
nc,5,0.6,0,1,1,resnest50,57,0.4002,20220316113943.pth
nc,5,0.6,0,1,1,resnest50,58,0.3962,20220316114618.pth
nc,5,0.6,0,1,1,resnest50,59,0.4042,20220316115250.pth
nc,5,0.6,0,1,1,resnest50,60,0.3937,20220316115926.pth
nc,5,0.6,0,1,1,resnest50,62,0.3876,20220316121236.pth
nc,5,0.6,0,1,1,resnest50,63,0.3953,20220316121912.pth
nc,5,0.6,0,1,1,resnest50,64,0.3899,20220316122547.pth
nc,5,0.6,0,1,1,resnest50,66,0.3971,20220316123859.pth
nc,5,0.6,0,1,1,resnest50,67,0.3992,20220316124534.pth
nc,5,0.6,0,1,1,resnest50,68,0.4057,20220316125210.pth
nc,5,0.6,0,1,1,resnest50,69,0.4014,20220316125844.pth
nc,5,0.6,0,1,1,resnest50,70,0.4032,20220316130520.pth
nc,5,0.6,0,1,1,resnest50,71,0.3985,20220316131155.pth
nc,5,0.6,0,1,1,resnest50,72,0.3996,20220316131833.pth
nc,5,0.6,0,1,1,resnest50,73,0.3957,20220316132516.pth
nc,5,0.6,0,1,1,resnest50,74,0.4031,20220316133158.pth
nc,5,0.6,0,1,1,resnest50,75,0.4015,20220316133838.pth
nc,5,0.6,0,1,1,resnest50,76,0.4018,20220316134514.pth
nc,5,0.6,0,1,1,resnest50,77,0.3959,20220316135150.pth
nc,5,0.6,0,1,1,resnest50,78,0.4104,20220316135828.pth
nc,5,0.6,0,1,1,resnest50,79,0.4016,20220316140503.pth
nc,5,0.6,0,1,1,resnest50,80,0.4065,20220316141138.pth
nc,5,0.6,0,1,1,resnest50,81,0.4003,20220316141820.pth
nc,5,0.6,0,1,1,resnest50,82,0.4054,20220316142456.pth
nc,5,0.6,0,1,1,resnest50,83,0.4012,20220316143133.pth
nc,5,0.6,0,1,1,resnest50,84,0.4039,20220316143811.pth
nc,5,0.6,0,1,1,resnest50,85,0.4022,20220316144447.pth
nc,5,0.6,0,1,1,resnest50,86,0.409,20220316145123.pth
nc,5,0.6,0,1,1,resnest50,87,0.4006,20220316145758.pth
nc,5,0.6,0,1,1,resnest50,88,0.4087,20220316150432.pth
nc,5,0.6,0,1,1,resnest50,89,0.4077,20220316151109.pth
nc,5,0.6,0,1,1,resnest50,90,0.4054,20220316151744.pth
nc,5,0.6,0,1,1,resnest50,91,0.4059,20220316152421.pth
nc,5,0.6,0,1,1,resnest50,92,0.4013,20220316153058.pth
nc,5,0.6,0,1,1,resnest50,93,0.4055,20220316153734.pth
nc,5,0.6,0,1,1,resnest50,94,0.3999,20220316154414.pth
nc,5,0.6,0,1,1,resnest50,95,0.3997,20220316155056.pth
nc,5,0.6,0,1,1,resnest50,96,0.4013,20220316155739.pth
nc,5,0.6,0,1,1,resnest50,97,0.4026,20220316160422.pth
nc,5,0.6,0,1,1,resnest50,98,0.4019,20220316161105.pth
nc,5,0.6,0,1,1,resnest50,99,0.4075,20220316161747.pth
nc,0.5,0.6,1,0,0,resnest50,-1,0.5285,x
nc,0.5,0.6,1,0,0,resnest50,-1,0.537,x
nc,0.5,0.6,1,0,0,resnest50,-1,0.5389,x
nc,0.5,0.6,1,0,0,resnest50,-1,0.5269,x
nc,0.5,0.6,1,0,0,resnest50,-1,0.5307,x
nc,0.5,0.6,1,0,0,resnest50,-1,0.5424,x
nc,0.5,0.6,1,0,0,resnest50,-1,0.5285,x
nc,0.5,0.6,1,0,0,resnest50,-1,0.5287,x
nc,0.5,0.6,1,0,0,resnest50,-1,0.5491,x
nc,0.5,0.6,1,0,0,resnest50,-1,0.5325,x
nc,0.5,0.6,1,0,0,resnest50,-1,0.5471,x
nc,0.5,0.6,1,0,0,resnest50,-1,0.5465,x
nc,0.5,0.6,1,0,0,resnest50,-1,0.5325,x
nc,0.5,0.6,1,0,0,resnest50,-1,0.5419,x
nc,0.5,0.6,1,0,0,resnest50,-1,0.5368,x
nc,0.5,0.6,1,0,0,resnest50,-1,0.544,x
nc,0.5,0.6,1,0,0,resnest50,-1,0.5457,x
nc,0.5,0.6,1,0,0,resnest50,-1,0.5389,x
nc,0.5,0.6,1,0,0,resnest50,-1,0.5384,x
nc,0.5,0.6,1,0,0,resnest50,-1,0.5299,x
nc,0.5,0.6,1,0,0,resnest50,-1,0.54,x
nc,0.5,0.6,1,0,0,resnest50,-1,0.5369,x
nc,0.5,0.6,1,0,0,resnest50,-1,0.5273,x
nc,0.5,0.6,1,0,0,resnest50,-1,0.5343,x
nc,0.5,0.6,1,0,0,resnest50,-1,0.5434,x
nc,0.5,0.6,1,0,0,resnest50,-1,0.5454,x
nc,0.5,0.6,1,0,0,resnest50,-1,0.5367,x
nc,0.5,0.6,1,0,0,resnest50,-1,0.5368,x
nc,0.5,0.6,1,0,0,resnest50,-1,0.5402,x
nc,0.5,0.6,1,0,0,resnest50,-1,0.5388,x
nc,0.5,0.6,1,0,0,resnest50,-1,0.5283,x
nc,0.5,0.6,1,0,0,resnest50,-1,0.5278,x
nc,0.5,0.6,1,0,0,resnest50,-1,0.5401,x
nc,0.5,0.6,1,0,0,resnest50,-1,0.5321,x
nc,0.5,0.6,1,0,0,resnest50,-1,0.5388,x
nc,0.5,0.6,1,0,0,resnest50,-1,0.5445,x
nc,0.5,0.6,1,0,0,resnest50,-1,0.5469,x
nc,0.5,0.6,1,0,0,resnest50,-1,0.5456,x
nc,0.5,0.6,1,0,0,resnest50,-1,0.5355,x
nc,0.5,0.6,1,0,0,resnest50,-1,0.5455,x
nc,0.5,0.6,1,0,0,resnest50,-1,0.5395,x
nc,0.5,0.6,1,0,0,resnest50,-1,0.5421,x
nc,0.5,0.6,1,0,0,resnest50,-1,0.5429,x
nc,0.5,0.6,1,0,0,resnest50,-1,0.5412,x
nc,0.5,0.6,1,0,0,resnest50,-1,0.5398,x
nc,0.5,0.6,1,0,0,resnest50,-1,0.5331,x
nc,0.5,0.6,1,0,0,resnest50,-1,0.5342,x
nc,0.5,0.6,1,0,0,resnest50,-1,0.5381,x
nc,0.5,0.6,1,0,0,resnest50,-1,0.5424,x
nc,0.5,0.6,1,0,0,resnest50,-1,0.5406,x
nc,0.5,0.6,0,1,1,resnest50,-1,0.3802,x
nc,0.5,0.6,0,1,1,resnest50,-1,0.3926,x
nc,0.5,0.6,0,1,1,resnest50,-1,0.3897,x
nc,0.5,0.6,0,1,1,resnest50,-1,0.389,x
nc,0.5,0.6,0,1,1,resnest50,-1,0.3792,x
nc,0.5,0.6,0,1,1,resnest50,-1,0.3787,x
nc,0.5,0.6,0,1,1,resnest50,-1,0.3846,x
nc,0.5,0.6,0,1,1,resnest50,-1,0.3988,x
nc,0.5,0.6,0,1,1,resnest50,-1,0.3799,x
nc,0.5,0.6,0,1,1,resnest50,-1,0.3898,x
nc,0.5,0.6,0,1,1,resnest50,-1,0.3872,x
nc,0.5,0.6,0,1,1,resnest50,-1,0.382,x
nc,0.5,0.6,0,1,1,resnest50,-1,0.3781,x
nc,0.5,0.6,0,1,1,resnest50,-1,0.3826,x
nc,0.5,0.6,0,1,1,resnest50,-1,0.3946,x
nc,0.5,0.6,0,1,1,resnest50,-1,0.3878,x
nc,0.5,0.6,0,1,1,resnest50,-1,0.3915,x
nc,0.5,0.6,0,1,1,resnest50,-1,0.3811,x
nc,0.5,0.6,0,1,1,resnest50,-1,0.3838,x
nc,0.5,0.6,0,1,1,resnest50,-1,0.3806,x
nc,0.5,0.6,0,1,1,resnest50,-1,0.3844,x
nc,0.5,0.6,0,1,1,resnest50,-1,0.3957,x
nc,0.5,0.6,0,1,1,resnest50,-1,0.394,x
nc,0.5,0.6,0,1,1,resnest50,-1,0.3841,x
nc,0.5,0.6,0,1,1,resnest50,-1,0.3861,x
nc,0.5,0.6,0,1,1,resnest50,-1,0.3859,x
nc,0.5,0.6,0,1,1,resnest50,-1,0.3799,x
nc,0.5,0.6,0,1,1,resnest50,-1,0.3781,x
nc,0.5,0.6,0,1,1,resnest50,-1,0.3893,x
nc,0.5,0.6,0,1,1,resnest50,-1,0.3911,x
nc,0.5,0.6,0,1,1,resnest50,-1,0.3847,x
nc,0.5,0.6,0,1,1,resnest50,-1,0.3947,x
nc,0.5,0.6,0,1,1,resnest50,-1,0.3883,x
nc,0.5,0.6,0,1,1,resnest50,-1,0.3815,x
nc,0.5,0.6,0,1,1,resnest50,-1,0.3979,x
nc,0.5,0.6,0,1,1,resnest50,-1,0.3966,x
nc,0.5,0.6,0,1,1,resnest50,-1,0.3863,x
nc,0.5,0.6,0,1,1,resnest50,-1,0.3933,x
nc,0.5,0.6,0,1,1,resnest50,-1,0.3843,x
nc,0.5,0.6,0,1,1,resnest50,-1,0.3959,x
nc,0.5,0.6,0,1,1,resnest50,-1,0.3974,x
nc,0.5,0.6,0,1,1,resnest50,-1,0.3943,x
nc,0.5,0.6,0,1,1,resnest50,-1,0.3947,x
nc,0.5,0.6,0,1,1,resnest50,-1,0.3919,x
nc,0.5,0.6,0,1,1,resnest50,-1,0.3984,x
nc,0.5,0.6,0,1,1,resnest50,-1,0.3893,x
nc,0.5,0.6,0,1,1,resnest50,-1,0.3941,x
nc,0.5,0.6,0,1,1,resnest50,-1,0.3828,x
nc,0.5,0.6,0,1,1,resnest50,-1,0.3936,x
nc,0.5,0.6,0,1,1,resnest50,-1,0.3991,x
nc,0.5,0.6,1,0,1,resnest50,-1,0.3865,x
nc,0.5,0.6,1,0,1,resnest50,-1,0.3745,x
nc,0.5,0.6,1,0,1,resnest50,-1,0.3963,x
nc,0.5,0.6,1,0,1,resnest50,-1,0.3717,x
nc,0.5,0.6,1,0,1,resnest50,-1,0.3715,x
nc,0.5,0.6,1,0,1,resnest50,-1,0.3749,x
nc,0.5,0.6,1,0,1,resnest50,-1,0.3878,x
nc,0.5,0.6,1,0,1,resnest50,-1,0.3738,x
nc,0.5,0.6,1,0,1,resnest50,-1,0.3716,x
nc,0.5,0.6,1,0,1,resnest50,-1,0.3792,x
nc,0.5,0.6,1,0,1,resnest50,-1,0.3735,x
nc,0.5,0.6,1,0,1,resnest50,-1,0.3855,x
nc,0.5,0.6,1,0,1,resnest50,-1,0.3771,x
nc,0.5,0.6,1,0,1,resnest50,-1,0.3782,x
nc,0.5,0.6,1,0,1,resnest50,-1,0.3712,x
nc,0.5,0.6,1,0,1,resnest50,-1,0.3775,x
nc,0.5,0.6,1,0,1,resnest50,-1,0.3744,x
nc,0.5,0.6,1,0,1,resnest50,-1,0.3842,x
nc,0.5,0.6,1,0,1,resnest50,-1,0.3736,x
nc,0.5,0.6,1,0,1,resnest50,-1,0.383,x
nc,0.5,0.6,1,0,1,resnest50,-1,0.3729,x
nc,0.5,0.6,1,0,1,resnest50,-1,0.3766,x
nc,0.5,0.6,1,0,1,resnest50,-1,0.3809,x
nc,0.5,0.6,1,0,1,resnest50,-1,0.372,x
nc,0.5,0.6,1,0,1,resnest50,-1,0.3752,x
nc,0.5,0.6,1,0,1,resnest50,-1,0.3795,x
nc,0.5,0.6,1,0,1,resnest50,-1,0.3904,x
nc,0.5,0.6,1,0,1,resnest50,-1,0.3831,x
nc,0.5,0.6,1,0,1,resnest50,-1,0.3823,x
nc,0.5,0.6,1,0,1,resnest50,-1,0.3896,x
nc,0.5,0.6,1,0,1,resnest50,-1,0.3885,x
nc,0.5,0.6,1,0,1,resnest50,-1,0.3718,x
nc,0.5,0.6,1,0,1,resnest50,-1,0.3748,x
nc,0.5,0.6,1,0,1,resnest50,-1,0.3837,x
nc,0.5,0.6,1,0,1,resnest50,-1,0.3737,x
nc,0.5,0.6,1,0,1,resnest50,-1,0.3826,x
nc,0.5,0.6,1,0,1,resnest50,-1,0.3708,x
nc,0.5,0.6,1,0,1,resnest50,-1,0.3771,x
nc,0.5,0.6,1,0,1,resnest50,-1,0.3764,x
nc,0.5,0.6,1,0,1,resnest50,-1,0.3848,x
nc,0.5,0.6,1,0,1,resnest50,-1,0.3734,x
nc,0.5,0.6,1,0,1,resnest50,-1,0.3806,x
nc,0.5,0.6,1,0,1,resnest50,-1,0.3769,x
nc,0.5,0.6,1,0,1,resnest50,-1,0.3794,x
nc,0.5,0.6,1,0,1,resnest50,-1,0.3813,x
nc,0.5,0.6,1,0,1,resnest50,-1,0.3768,x
nc,0.5,0.6,1,0,1,resnest50,-1,0.3792,x
nc,0.5,0.6,1,0,1,resnest50,-1,0.3799,x
nc,0.5,0.6,1,0,1,resnest50,-1,0.3713,x
nc,0.5,0.6,1,0,1,resnest50,-1,0.3842,x
nc,5,0.6,0,1,0,resnest50,-1,0.5221,x
nc,5,0.6,0,1,0,resnest50,-1,0.52,x
nc,5,0.6,0,1,0,resnest50,-1,0.5195,x
nc,5,0.6,0,1,0,resnest50,-1,0.5409,x
nc,5,0.6,0,1,0,resnest50,-1,0.533,x
nc,5,0.6,0,1,0,resnest50,-1,0.5384,x
nc,5,0.6,0,1,0,resnest50,-1,0.5276,x
nc,5,0.6,0,1,0,resnest50,-1,0.5409,x
nc,5,0.6,0,1,0,resnest50,-1,0.5341,x
nc,5,0.6,0,1,0,resnest50,-1,0.5339,x
nc,5,0.6,0,1,0,resnest50,-1,0.533,x
nc,5,0.6,0,1,0,resnest50,-1,0.5343,x
nc,5,0.6,0,1,0,resnest50,-1,0.5287,x
nc,5,0.6,0,1,0,resnest50,-1,0.5334,x
nc,5,0.6,0,1,0,resnest50,-1,0.5317,x
nc,5,0.6,0,1,0,resnest50,-1,0.5299,x
nc,5,0.6,0,1,0,resnest50,-1,0.5451,x
nc,5,0.6,0,1,0,resnest50,-1,0.5417,x
nc,5,0.6,0,1,0,resnest50,-1,0.5359,x
nc,5,0.6,0,1,0,resnest50,-1,0.5465,x
nc,5,0.6,0,1,0,resnest50,-1,0.5439,x
nc,5,0.6,0,1,0,resnest50,-1,0.5439,x
nc,5,0.6,0,1,0,resnest50,-1,0.5449,x
nc,5,0.6,0,1,0,resnest50,-1,0.5397,x
nc,5,0.6,0,1,0,resnest50,-1,0.5385,x
nc,5,0.6,0,1,0,resnest50,-1,0.5435,x
nc,5,0.6,0,1,0,resnest50,-1,0.5442,x
nc,5,0.6,0,1,0,resnest50,-1,0.5314,x
nc,5,0.6,0,1,0,resnest50,-1,0.5393,x
nc,5,0.6,0,1,0,resnest50,-1,0.547,x
nc,5,0.6,0,1,0,resnest50,-1,0.5416,x
nc,5,0.6,0,1,0,resnest50,-1,0.5494,x
nc,5,0.6,0,1,0,resnest50,-1,0.538,x
nc,5,0.6,0,1,0,resnest50,-1,0.5358,x
nc,5,0.6,0,1,0,resnest50,-1,0.5465,x
nc,5,0.6,0,1,0,resnest50,-1,0.5413,x
nc,5,0.6,0,1,0,resnest50,-1,0.5432,x
nc,5,0.6,0,1,0,resnest50,-1,0.5401,x
nc,5,0.6,0,1,0,resnest50,-1,0.5432,x
nc,5,0.6,0,1,0,resnest50,-1,0.5404,x
nc,5,0.6,0,1,0,resnest50,-1,0.5453,x
nc,5,0.6,0,1,0,resnest50,-1,0.5472,x
nc,5,0.6,0,1,0,resnest50,-1,0.5406,x
nc,5,0.6,0,1,0,resnest50,-1,0.5444,x
nc,5,0.6,0,1,0,resnest50,-1,0.5429,x
nc,5,0.6,0,1,0,resnest50,-1,0.546,x
nc,5,0.6,0,1,0,resnest50,-1,0.5348,x
nc,5,0.6,0,1,0,resnest50,-1,0.5444,x
nc,5,0.6,0,1,0,resnest50,-1,0.5512,x
nc,5,0.6,0,1,0,resnest50,-1,0.5521,x
nc,5,0.6,1,0,0,resnest50,-1,0.5223,x
nc,5,0.6,1,0,0,resnest50,-1,0.5212,x
nc,5,0.6,1,0,0,resnest50,-1,0.5286,x
nc,5,0.6,1,0,0,resnest50,-1,0.5307,x
nc,5,0.6,1,0,0,resnest50,-1,0.5197,x
nc,5,0.6,1,0,0,resnest50,-1,0.5268,x
nc,5,0.6,1,0,0,resnest50,-1,0.5289,x
nc,5,0.6,1,0,0,resnest50,-1,0.5365,x
nc,5,0.6,1,0,0,resnest50,-1,0.5281,x
nc,5,0.6,1,0,0,resnest50,-1,0.5242,x
nc,5,0.6,1,0,0,resnest50,-1,0.5178,x
nc,5,0.6,1,0,0,resnest50,-1,0.5238,x
nc,5,0.6,1,0,0,resnest50,-1,0.5324,x
nc,5,0.6,1,0,0,resnest50,-1,0.5371,x
nc,5,0.6,1,0,0,resnest50,-1,0.5136,x
nc,5,0.6,1,0,0,resnest50,-1,0.5216,x
nc,5,0.6,1,0,0,resnest50,-1,0.5466,x
nc,5,0.6,1,0,0,resnest50,-1,0.5284,x
nc,5,0.6,1,0,0,resnest50,-1,0.5384,x
nc,5,0.6,1,0,0,resnest50,-1,0.5254,x
nc,5,0.6,1,0,0,resnest50,-1,0.5347,x
nc,5,0.6,1,0,0,resnest50,-1,0.5363,x
nc,5,0.6,1,0,0,resnest50,-1,0.5284,x
nc,5,0.6,1,0,0,resnest50,-1,0.5416,x
nc,5,0.6,1,0,0,resnest50,-1,0.53,x
nc,5,0.6,1,0,0,resnest50,-1,0.5347,x
nc,5,0.6,1,0,0,resnest50,-1,0.532,x
nc,5,0.6,1,0,0,resnest50,-1,0.5389,x
nc,5,0.6,1,0,0,resnest50,-1,0.5259,x
nc,5,0.6,1,0,0,resnest50,-1,0.5276,x
nc,5,0.6,1,0,0,resnest50,-1,0.5306,x
nc,5,0.6,1,0,0,resnest50,-1,0.5385,x
nc,5,0.6,1,0,0,resnest50,-1,0.5307,x
nc,5,0.6,1,0,0,resnest50,-1,0.5266,x
nc,5,0.6,1,0,0,resnest50,-1,0.5351,x
nc,5,0.6,1,0,0,resnest50,-1,0.54,x
nc,5,0.6,1,0,0,resnest50,-1,0.5444,x
nc,5,0.6,1,0,0,resnest50,-1,0.533,x
nc,5,0.6,1,0,0,resnest50,-1,0.5269,x
nc,5,0.6,1,0,0,resnest50,-1,0.5352,x
nc,5,0.6,1,0,0,resnest50,-1,0.5371,x
nc,5,0.6,1,0,0,resnest50,-1,0.5334,x
nc,5,0.6,1,0,0,resnest50,-1,0.5304,x
nc,5,0.6,1,0,0,resnest50,-1,0.5329,x
nc,5,0.6,1,0,0,resnest50,-1,0.5302,x
nc,5,0.6,1,0,0,resnest50,-1,0.5307,x
nc,5,0.6,1,0,0,resnest50,-1,0.5259,x
nc,5,0.6,1,0,0,resnest50,-1,0.5372,x
nc,5,0.6,1,0,0,resnest50,-1,0.5372,x
nc,5,0.6,1,0,0,resnest50,-1,0.5346,x
nc,5,0.6,1,1,0,resnest50,-1,0.5325,x
nc,5,0.6,1,1,0,resnest50,-1,0.5387,x
nc,5,0.6,1,1,0,resnest50,-1,0.5341,x
nc,5,0.6,1,1,0,resnest50,-1,0.5537,x
nc,5,0.6,1,1,0,resnest50,-1,0.5353,x
nc,5,0.6,1,1,0,resnest50,-1,0.5364,x
nc,5,0.6,1,1,0,resnest50,-1,0.5508,x
nc,5,0.6,1,1,0,resnest50,-1,0.5408,x
nc,5,0.6,1,1,0,resnest50,-1,0.5459,x
nc,5,0.6,1,1,0,resnest50,-1,0.5429,x
nc,5,0.6,1,1,0,resnest50,-1,0.5511,x
nc,5,0.6,1,1,0,resnest50,-1,0.5389,x
nc,5,0.6,1,1,0,resnest50,-1,0.5405,x
nc,5,0.6,1,1,0,resnest50,-1,0.5514,x
nc,5,0.6,1,1,0,resnest50,-1,0.536,x
nc,5,0.6,1,1,0,resnest50,-1,0.5454,x
nc,5,0.6,1,1,0,resnest50,-1,0.5508,x
nc,5,0.6,1,1,0,resnest50,-1,0.5454,x
nc,5,0.6,1,1,0,resnest50,-1,0.5435,x
nc,5,0.6,1,1,0,resnest50,-1,0.5548,x
nc,5,0.6,1,1,0,resnest50,-1,0.5489,x
nc,5,0.6,1,1,0,resnest50,-1,0.543,x
nc,5,0.6,1,1,0,resnest50,-1,0.5574,x
nc,5,0.6,1,1,0,resnest50,-1,0.5586,x
nc,5,0.6,1,1,0,resnest50,-1,0.5608,x
nc,5,0.6,1,1,0,resnest50,-1,0.5399,x
nc,5,0.6,1,1,0,resnest50,-1,0.5548,x
nc,5,0.6,1,1,0,resnest50,-1,0.5527,x
nc,5,0.6,1,1,0,resnest50,-1,0.5471,x
nc,5,0.6,1,1,0,resnest50,-1,0.5504,x
nc,5,0.6,1,1,0,resnest50,-1,0.5543,x
nc,5,0.6,1,1,0,resnest50,-1,0.5476,x
nc,5,0.6,1,1,0,resnest50,-1,0.553,x
nc,5,0.6,1,1,0,resnest50,-1,0.5534,x
nc,5,0.6,1,1,0,resnest50,-1,0.5555,x
nc,5,0.6,1,1,0,resnest50,-1,0.5547,x
nc,5,0.6,1,1,0,resnest50,-1,0.5473,x
nc,5,0.6,1,1,0,resnest50,-1,0.5438,x
nc,5,0.6,1,1,0,resnest50,-1,0.5512,x
nc,5,0.6,1,1,0,resnest50,-1,0.549,x
nc,5,0.6,1,1,0,resnest50,-1,0.5467,x
nc,5,0.6,1,1,0,resnest50,-1,0.5485,x
nc,5,0.6,1,1,0,resnest50,-1,0.5505,x
nc,5,0.6,1,1,0,resnest50,-1,0.5547,x
nc,5,0.6,1,1,0,resnest50,-1,0.5451,x
nc,5,0.6,1,1,0,resnest50,-1,0.5485,x
nc,5,0.6,1,1,0,resnest50,-1,0.5562,x
nc,5,0.6,1,1,0,resnest50,-1,0.5568,x
nc,5,0.6,1,1,0,resnest50,-1,0.555,x
nc,5,0.6,1,1,0,resnest50,-1,0.5442,x
nnc,0.5,0.6,0,1,0,resnest50,-1,0.5635,x
nnc,0.5,0.6,0,1,0,resnest50,-1,0.5615,x
nnc,0.5,0.6,0,1,0,resnest50,-1,0.5624,x
nnc,0.5,0.6,0,1,0,resnest50,-1,0.5617,x
nnc,0.5,0.6,0,1,0,resnest50,-1,0.5708,x
nnc,0.5,0.6,0,1,0,resnest50,-1,0.5737,x
nnc,0.5,0.6,0,1,0,resnest50,-1,0.565,x
nnc,0.5,0.6,0,1,0,resnest50,-1,0.5675,x
nnc,0.5,0.6,0,1,0,resnest50,-1,0.5677,x
nnc,0.5,0.6,0,1,0,resnest50,-1,0.5668,x
nnc,0.5,0.6,0,1,0,resnest50,-1,0.5633,x
nnc,0.5,0.6,0,1,0,resnest50,-1,0.5646,x
nnc,0.5,0.6,0,1,0,resnest50,-1,0.5681,x
nnc,0.5,0.6,0,1,0,resnest50,-1,0.5637,x
nnc,0.5,0.6,0,1,0,resnest50,-1,0.5675,x
nnc,0.5,0.6,0,1,0,resnest50,-1,0.5621,x
nnc,0.5,0.6,0,1,0,resnest50,-1,0.5799,x
nnc,0.5,0.6,0,1,0,resnest50,-1,0.5775,x
nnc,0.5,0.6,0,1,0,resnest50,-1,0.5768,x
nnc,0.5,0.6,0,1,0,resnest50,-1,0.5736,x
nnc,0.5,0.6,0,1,0,resnest50,-1,0.5749,x
nnc,0.5,0.6,0,1,0,resnest50,-1,0.5794,x
nnc,0.5,0.6,0,1,0,resnest50,-1,0.5679,x
nnc,0.5,0.6,0,1,0,resnest50,-1,0.5754,x
nnc,0.5,0.6,0,1,0,resnest50,-1,0.5753,x
nnc,0.5,0.6,0,1,0,resnest50,-1,0.5685,x
nnc,0.5,0.6,0,1,0,resnest50,-1,0.5728,x
nnc,0.5,0.6,0,1,0,resnest50,-1,0.5769,x
nnc,0.5,0.6,0,1,0,resnest50,-1,0.5711,x
nnc,0.5,0.6,0,1,0,resnest50,-1,0.5704,x
nnc,0.5,0.6,0,1,0,resnest50,-1,0.5665,x
nnc,0.5,0.6,0,1,0,resnest50,-1,0.5683,x
nnc,0.5,0.6,0,1,0,resnest50,-1,0.567,x
nnc,0.5,0.6,0,1,0,resnest50,-1,0.5677,x
nnc,0.5,0.6,0,1,0,resnest50,-1,0.5719,x
nnc,0.5,0.6,0,1,0,resnest50,-1,0.5796,x
nnc,0.5,0.6,0,1,0,resnest50,-1,0.5669,x
nnc,0.5,0.6,0,1,0,resnest50,-1,0.5679,x
nnc,0.5,0.6,0,1,0,resnest50,-1,0.5737,x
nnc,0.5,0.6,0,1,0,resnest50,-1,0.5709,x
nnc,0.5,0.6,0,1,0,resnest50,-1,0.569,x
nnc,0.5,0.6,0,1,0,resnest50,-1,0.5728,x
nnc,0.5,0.6,0,1,0,resnest50,-1,0.5698,x
nnc,0.5,0.6,0,1,0,resnest50,-1,0.5763,x
nnc,0.5,0.6,0,1,0,resnest50,-1,0.573,x
nnc,0.5,0.6,0,1,0,resnest50,-1,0.57,x
nnc,0.5,0.6,0,1,0,resnest50,-1,0.5769,x
nnc,0.5,0.6,0,1,0,resnest50,-1,0.5676,x
nnc,0.5,0.6,0,1,0,resnest50,-1,0.582,x
nnc,0.5,0.6,0,1,0,resnest50,-1,0.5649,x
nnc,0.5,0.6,1,0,0,resnest50,-1,0.5619,x
nnc,0.5,0.6,1,0,0,resnest50,-1,0.5699,x
nnc,0.5,0.6,1,0,0,resnest50,-1,0.5673,x
nnc,0.5,0.6,1,0,0,resnest50,-1,0.5727,x
nnc,0.5,0.6,1,0,0,resnest50,-1,0.5694,x
nnc,0.5,0.6,1,0,0,resnest50,-1,0.561,x
nnc,0.5,0.6,1,0,0,resnest50,-1,0.5636,x
nnc,0.5,0.6,1,0,0,resnest50,-1,0.567,x
nnc,0.5,0.6,1,0,0,resnest50,-1,0.5738,x
nnc,0.5,0.6,1,0,0,resnest50,-1,0.5695,x
nnc,0.5,0.6,1,0,0,resnest50,-1,0.5737,x
nnc,0.5,0.6,1,0,0,resnest50,-1,0.5613,x
nnc,0.5,0.6,1,0,0,resnest50,-1,0.5691,x
nnc,0.5,0.6,1,0,0,resnest50,-1,0.564,x
nnc,0.5,0.6,1,0,0,resnest50,-1,0.5638,x
nnc,0.5,0.6,1,0,0,resnest50,-1,0.5697,x
nnc,0.5,0.6,1,0,0,resnest50,-1,0.5697,x
nnc,0.5,0.6,1,0,0,resnest50,-1,0.5788,x
nnc,0.5,0.6,1,0,0,resnest50,-1,0.5795,x
nnc,0.5,0.6,1,0,0,resnest50,-1,0.5762,x
nnc,0.5,0.6,1,0,0,resnest50,-1,0.5685,x
nnc,0.5,0.6,1,0,0,resnest50,-1,0.5629,x
nnc,0.5,0.6,1,0,0,resnest50,-1,0.5648,x
nnc,0.5,0.6,1,0,0,resnest50,-1,0.5645,x
nnc,0.5,0.6,1,0,0,resnest50,-1,0.5663,x
nnc,0.5,0.6,1,0,0,resnest50,-1,0.5629,x
nnc,0.5,0.6,1,0,0,resnest50,-1,0.5682,x
nnc,0.5,0.6,1,0,0,resnest50,-1,0.5745,x
nnc,0.5,0.6,1,0,0,resnest50,-1,0.5687,x
nnc,0.5,0.6,1,0,0,resnest50,-1,0.5758,x
nnc,0.5,0.6,1,0,0,resnest50,-1,0.57,x
nnc,0.5,0.6,1,0,0,resnest50,-1,0.5643,x
nnc,0.5,0.6,1,0,0,resnest50,-1,0.5616,x
nnc,0.5,0.6,1,0,0,resnest50,-1,0.5676,x
nnc,0.5,0.6,1,0,0,resnest50,-1,0.5616,x
nnc,0.5,0.6,1,0,0,resnest50,-1,0.5676,x
nnc,0.5,0.6,1,0,0,resnest50,-1,0.5748,x
nnc,0.5,0.6,1,0,0,resnest50,-1,0.5768,x
nnc,0.5,0.6,1,0,0,resnest50,-1,0.5715,x
nnc,0.5,0.6,1,0,0,resnest50,-1,0.5632,x
nnc,0.5,0.6,1,0,0,resnest50,-1,0.5749,x
nnc,0.5,0.6,1,0,0,resnest50,-1,0.5752,x
nnc,0.5,0.6,1,0,0,resnest50,-1,0.5659,x
nnc,0.5,0.6,1,0,0,resnest50,-1,0.5699,x
nnc,0.5,0.6,1,0,0,resnest50,-1,0.5718,x
nnc,0.5,0.6,1,0,0,resnest50,-1,0.5644,x
nnc,0.5,0.6,1,0,0,resnest50,-1,0.5683,x
nnc,0.5,0.6,1,0,0,resnest50,-1,0.5719,x
nnc,0.5,0.6,1,0,0,resnest50,-1,0.5698,x
nnc,0.5,0.6,1,0,0,resnest50,-1,0.5716,x
nnc,0.5,0.6,1,1,0,resnest50,-1,0.5666,x
nnc,0.5,0.6,1,1,0,resnest50,-1,0.5655,x
nnc,0.5,0.6,1,1,0,resnest50,-1,0.5632,x
nnc,0.5,0.6,1,1,0,resnest50,-1,0.5615,x
nnc,0.5,0.6,1,1,0,resnest50,-1,0.5618,x
nnc,0.5,0.6,1,1,0,resnest50,-1,0.578,x
nnc,0.5,0.6,1,1,0,resnest50,-1,0.5673,x
nnc,0.5,0.6,1,1,0,resnest50,-1,0.5703,x
nnc,0.5,0.6,1,1,0,resnest50,-1,0.5716,x
nnc,0.5,0.6,1,1,0,resnest50,-1,0.5752,x
nnc,0.5,0.6,1,1,0,resnest50,-1,0.5693,x
nnc,0.5,0.6,1,1,0,resnest50,-1,0.5666,x
nnc,0.5,0.6,1,1,0,resnest50,-1,0.5739,x
nnc,0.5,0.6,1,1,0,resnest50,-1,0.5806,x
nnc,0.5,0.6,1,1,0,resnest50,-1,0.5617,x
nnc,0.5,0.6,1,1,0,resnest50,-1,0.5675,x
nnc,0.5,0.6,1,1,0,resnest50,-1,0.5709,x
nnc,0.5,0.6,1,1,0,resnest50,-1,0.5733,x
nnc,0.5,0.6,1,1,0,resnest50,-1,0.5786,x
nnc,0.5,0.6,1,1,0,resnest50,-1,0.5728,x
nnc,0.5,0.6,1,1,0,resnest50,-1,0.5761,x
nnc,0.5,0.6,1,1,0,resnest50,-1,0.5679,x
nnc,0.5,0.6,1,1,0,resnest50,-1,0.5764,x
nnc,0.5,0.6,1,1,0,resnest50,-1,0.5747,x
nnc,0.5,0.6,1,1,0,resnest50,-1,0.5783,x
nnc,0.5,0.6,1,1,0,resnest50,-1,0.5805,x
nnc,0.5,0.6,1,1,0,resnest50,-1,0.5789,x
nnc,0.5,0.6,1,1,0,resnest50,-1,0.573,x
nnc,0.5,0.6,1,1,0,resnest50,-1,0.5737,x
nnc,0.5,0.6,1,1,0,resnest50,-1,0.571,x
nnc,0.5,0.6,1,1,0,resnest50,-1,0.5717,x
nnc,0.5,0.6,1,1,0,resnest50,-1,0.572,x
nnc,0.5,0.6,1,1,0,resnest50,-1,0.571,x
nnc,0.5,0.6,1,1,0,resnest50,-1,0.57,x
nnc,0.5,0.6,1,1,0,resnest50,-1,0.5745,x
nnc,0.5,0.6,1,1,0,resnest50,-1,0.5687,x
nnc,0.5,0.6,1,1,0,resnest50,-1,0.5632,x
nnc,0.5,0.6,1,1,0,resnest50,-1,0.5666,x
nnc,0.5,0.6,1,1,0,resnest50,-1,0.5797,x
nnc,0.5,0.6,1,1,0,resnest50,-1,0.5698,x
nnc,0.5,0.6,1,1,0,resnest50,-1,0.5747,x
nnc,0.5,0.6,1,1,0,resnest50,-1,0.5755,x
nnc,0.5,0.6,1,1,0,resnest50,-1,0.5686,x
nnc,0.5,0.6,1,1,0,resnest50,-1,0.5758,x
nnc,0.5,0.6,1,1,0,resnest50,-1,0.5732,x
nnc,0.5,0.6,1,1,0,resnest50,-1,0.5687,x
nnc,0.5,0.6,1,1,0,resnest50,-1,0.5631,x
nnc,0.5,0.6,1,1,0,resnest50,-1,0.5798,x
nnc,0.5,0.6,1,1,0,resnest50,-1,0.5828,x
nnc,0.5,0.6,1,1,0,resnest50,-1,0.569,x
nnc,0.5,0.6,0,0,1,resnest50,-1,0.4212,x
nnc,0.5,0.6,0,0,1,resnest50,-1,0.4236,x
nnc,0.5,0.6,0,0,1,resnest50,-1,0.4185,x
nnc,0.5,0.6,0,0,1,resnest50,-1,0.4316,x
nnc,0.5,0.6,0,0,1,resnest50,-1,0.4181,x
nnc,0.5,0.6,0,0,1,resnest50,-1,0.4281,x
nnc,0.5,0.6,0,0,1,resnest50,-1,0.4267,x
nnc,0.5,0.6,0,0,1,resnest50,-1,0.4321,x
nnc,0.5,0.6,0,0,1,resnest50,-1,0.4182,x
nnc,0.5,0.6,0,0,1,resnest50,-1,0.42,x
nnc,0.5,0.6,0,0,1,resnest50,-1,0.4221,x
nnc,0.5,0.6,0,0,1,resnest50,-1,0.4278,x
nnc,0.5,0.6,0,0,1,resnest50,-1,0.4224,x
nnc,0.5,0.6,0,0,1,resnest50,-1,0.438,x
nnc,0.5,0.6,0,0,1,resnest50,-1,0.42,x
nnc,0.5,0.6,0,0,1,resnest50,-1,0.4213,x
nnc,0.5,0.6,0,0,1,resnest50,-1,0.4243,x
nnc,0.5,0.6,0,0,1,resnest50,-1,0.4302,x
nnc,0.5,0.6,0,0,1,resnest50,-1,0.4266,x
nnc,0.5,0.6,0,0,1,resnest50,-1,0.4267,x
nnc,0.5,0.6,0,0,1,resnest50,-1,0.4371,x
nnc,0.5,0.6,0,0,1,resnest50,-1,0.4232,x
nnc,0.5,0.6,0,0,1,resnest50,-1,0.4227,x
nnc,0.5,0.6,0,0,1,resnest50,-1,0.4288,x
nnc,0.5,0.6,0,0,1,resnest50,-1,0.4344,x
nnc,0.5,0.6,0,0,1,resnest50,-1,0.4266,x
nnc,0.5,0.6,0,0,1,resnest50,-1,0.4237,x
nnc,0.5,0.6,0,0,1,resnest50,-1,0.4325,x
nnc,0.5,0.6,0,0,1,resnest50,-1,0.4293,x
nnc,0.5,0.6,0,0,1,resnest50,-1,0.4306,x
nnc,0.5,0.6,0,0,1,resnest50,-1,0.4195,x
nnc,0.5,0.6,0,0,1,resnest50,-1,0.4288,x
nnc,0.5,0.6,0,0,1,resnest50,-1,0.4349,x
nnc,0.5,0.6,0,0,1,resnest50,-1,0.4329,x
nnc,0.5,0.6,0,0,1,resnest50,-1,0.4336,x
nnc,0.5,0.6,0,0,1,resnest50,-1,0.4283,x
nnc,0.5,0.6,0,0,1,resnest50,-1,0.4358,x
nnc,0.5,0.6,0,0,1,resnest50,-1,0.4316,x
nnc,0.5,0.6,0,0,1,resnest50,-1,0.426,x
nnc,0.5,0.6,0,0,1,resnest50,-1,0.438,x
nnc,0.5,0.6,0,0,1,resnest50,-1,0.433,x
nnc,0.5,0.6,0,0,1,resnest50,-1,0.4353,x
nnc,0.5,0.6,0,0,1,resnest50,-1,0.4193,x
nnc,0.5,0.6,0,0,1,resnest50,-1,0.4315,x
nnc,0.5,0.6,0,0,1,resnest50,-1,0.4246,x
nnc,0.5,0.6,0,0,1,resnest50,-1,0.4297,x
nnc,0.5,0.6,0,0,1,resnest50,-1,0.4302,x
nnc,0.5,0.6,0,0,1,resnest50,-1,0.4371,x
nnc,0.5,0.6,0,0,1,resnest50,-1,0.4321,x
nnc,0.5,0.6,0,0,1,resnest50,-1,0.4318,x
nnc,0.5,0.6,0,1,1,resnest50,-1,0.4227,x
nnc,0.5,0.6,0,1,1,resnest50,-1,0.4308,x
nnc,0.5,0.6,0,1,1,resnest50,-1,0.4212,x
nnc,0.5,0.6,0,1,1,resnest50,-1,0.4187,x
nnc,0.5,0.6,0,1,1,resnest50,-1,0.4185,x
nnc,0.5,0.6,0,1,1,resnest50,-1,0.4321,x
nnc,0.5,0.6,0,1,1,resnest50,-1,0.4232,x
nnc,0.5,0.6,0,1,1,resnest50,-1,0.428,x
nnc,0.5,0.6,0,1,1,resnest50,-1,0.433,x
nnc,0.5,0.6,0,1,1,resnest50,-1,0.4332,x
nnc,0.5,0.6,0,1,1,resnest50,-1,0.4305,x
nnc,0.5,0.6,0,1,1,resnest50,-1,0.4312,x
nnc,0.5,0.6,0,1,1,resnest50,-1,0.4227,x
nnc,0.5,0.6,0,1,1,resnest50,-1,0.4265,x
nnc,0.5,0.6,0,1,1,resnest50,-1,0.427,x
nnc,0.5,0.6,0,1,1,resnest50,-1,0.427,x
nnc,0.5,0.6,0,1,1,resnest50,-1,0.425,x
nnc,0.5,0.6,0,1,1,resnest50,-1,0.4274,x
nnc,0.5,0.6,0,1,1,resnest50,-1,0.4236,x
nnc,0.5,0.6,0,1,1,resnest50,-1,0.4184,x
nnc,0.5,0.6,0,1,1,resnest50,-1,0.4184,x
nnc,0.5,0.6,0,1,1,resnest50,-1,0.4365,x
nnc,0.5,0.6,0,1,1,resnest50,-1,0.4276,x
nnc,0.5,0.6,0,1,1,resnest50,-1,0.4199,x
nnc,0.5,0.6,0,1,1,resnest50,-1,0.4276,x
nnc,0.5,0.6,0,1,1,resnest50,-1,0.4216,x
nnc,0.5,0.6,0,1,1,resnest50,-1,0.4214,x
nnc,0.5,0.6,0,1,1,resnest50,-1,0.4231,x
nnc,0.5,0.6,0,1,1,resnest50,-1,0.4253,x
nnc,0.5,0.6,0,1,1,resnest50,-1,0.427,x
nnc,0.5,0.6,0,1,1,resnest50,-1,0.4233,x
nnc,0.5,0.6,0,1,1,resnest50,-1,0.4308,x
nnc,0.5,0.6,0,1,1,resnest50,-1,0.4271,x
nnc,0.5,0.6,0,1,1,resnest50,-1,0.4208,x
nnc,0.5,0.6,0,1,1,resnest50,-1,0.4326,x
nnc,0.5,0.6,0,1,1,resnest50,-1,0.433,x
nnc,0.5,0.6,0,1,1,resnest50,-1,0.428,x
nnc,0.5,0.6,0,1,1,resnest50,-1,0.4319,x
nnc,0.5,0.6,0,1,1,resnest50,-1,0.4243,x
nnc,0.5,0.6,0,1,1,resnest50,-1,0.4323,x
nnc,0.5,0.6,0,1,1,resnest50,-1,0.4352,x
nnc,0.5,0.6,0,1,1,resnest50,-1,0.4324,x
nnc,0.5,0.6,0,1,1,resnest50,-1,0.4321,x
nnc,0.5,0.6,0,1,1,resnest50,-1,0.4322,x
nnc,0.5,0.6,0,1,1,resnest50,-1,0.4343,x
nnc,0.5,0.6,0,1,1,resnest50,-1,0.431,x
nnc,0.5,0.6,0,1,1,resnest50,-1,0.4285,x
nnc,0.5,0.6,0,1,1,resnest50,-1,0.4189,x
nnc,0.5,0.6,0,1,1,resnest50,-1,0.4308,x
nnc,0.5,0.6,0,1,1,resnest50,-1,0.4388,x
nnc,0.5,0.6,1,0,1,resnest50,-1,0.4136,x
nnc,0.5,0.6,1,0,1,resnest50,-1,0.4263,x
nnc,0.5,0.6,1,0,1,resnest50,-1,0.4149,x
nnc,0.5,0.6,1,0,1,resnest50,-1,0.4209,x
nnc,0.5,0.6,1,0,1,resnest50,-1,0.4172,x
nnc,0.5,0.6,1,0,1,resnest50,-1,0.4115,x
nnc,0.5,0.6,1,0,1,resnest50,-1,0.4134,x
nnc,0.5,0.6,1,0,1,resnest50,-1,0.4147,x
nnc,0.5,0.6,1,0,1,resnest50,-1,0.425,x
nnc,0.5,0.6,1,0,1,resnest50,-1,0.4129,x
nnc,0.5,0.6,1,0,1,resnest50,-1,0.4159,x
nnc,0.5,0.6,1,0,1,resnest50,-1,0.4237,x
nnc,0.5,0.6,1,0,1,resnest50,-1,0.4188,x
nnc,0.5,0.6,1,0,1,resnest50,-1,0.4128,x
nnc,0.5,0.6,1,0,1,resnest50,-1,0.4219,x
nnc,0.5,0.6,1,0,1,resnest50,-1,0.4223,x
nnc,0.5,0.6,1,0,1,resnest50,-1,0.4144,x
nnc,0.5,0.6,1,0,1,resnest50,-1,0.4209,x
nnc,0.5,0.6,1,0,1,resnest50,-1,0.4174,x
nnc,0.5,0.6,1,0,1,resnest50,-1,0.4222,x
nnc,0.5,0.6,1,0,1,resnest50,-1,0.4143,x
nnc,0.5,0.6,1,0,1,resnest50,-1,0.4163,x
nnc,0.5,0.6,1,0,1,resnest50,-1,0.4215,x
nnc,0.5,0.6,1,0,1,resnest50,-1,0.4155,x
nnc,0.5,0.6,1,0,1,resnest50,-1,0.4187,x
nnc,0.5,0.6,1,0,1,resnest50,-1,0.4293,x
nnc,0.5,0.6,1,0,1,resnest50,-1,0.4256,x
nnc,0.5,0.6,1,0,1,resnest50,-1,0.4198,x
nnc,0.5,0.6,1,0,1,resnest50,-1,0.4249,x
nnc,0.5,0.6,1,0,1,resnest50,-1,0.427,x
nnc,0.5,0.6,1,0,1,resnest50,-1,0.4255,x
nnc,0.5,0.6,1,0,1,resnest50,-1,0.4174,x
nnc,0.5,0.6,1,0,1,resnest50,-1,0.417,x
nnc,0.5,0.6,1,0,1,resnest50,-1,0.4233,x
nnc,0.5,0.6,1,0,1,resnest50,-1,0.4157,x
nnc,0.5,0.6,1,0,1,resnest50,-1,0.4268,x
nnc,0.5,0.6,1,0,1,resnest50,-1,0.4136,x
nnc,0.5,0.6,1,0,1,resnest50,-1,0.4202,x
nnc,0.5,0.6,1,0,1,resnest50,-1,0.4122,x
nnc,0.5,0.6,1,0,1,resnest50,-1,0.4224,x
nnc,0.5,0.6,1,0,1,resnest50,-1,0.4274,x
nnc,0.5,0.6,1,0,1,resnest50,-1,0.4219,x
nnc,0.5,0.6,1,0,1,resnest50,-1,0.4209,x
nnc,0.5,0.6,1,0,1,resnest50,-1,0.4146,x
nnc,0.5,0.6,1,0,1,resnest50,-1,0.4204,x
nnc,0.5,0.6,1,0,1,resnest50,-1,0.4217,x
nnc,0.5,0.6,1,0,1,resnest50,-1,0.4181,x
nnc,0.5,0.6,1,0,1,resnest50,-1,0.4168,x
nnc,0.5,0.6,1,0,1,resnest50,-1,0.4265,x
nnc,0.5,0.6,1,0,1,resnest50,-1,0.4282,x
nnc,0.5,0.6,1,1,1,resnest50,-1,0.4131,x
nnc,0.5,0.6,1,1,1,resnest50,-1,0.4135,x
nnc,0.5,0.6,1,1,1,resnest50,-1,0.4324,x
nnc,0.5,0.6,1,1,1,resnest50,-1,0.4153,x
nnc,0.5,0.6,1,1,1,resnest50,-1,0.4289,x
nnc,0.5,0.6,1,1,1,resnest50,-1,0.4208,x
nnc,0.5,0.6,1,1,1,resnest50,-1,0.4135,x
nnc,0.5,0.6,1,1,1,resnest50,-1,0.4222,x
nnc,0.5,0.6,1,1,1,resnest50,-1,0.4173,x
nnc,0.5,0.6,1,1,1,resnest50,-1,0.4148,x
nnc,0.5,0.6,1,1,1,resnest50,-1,0.4168,x
nnc,0.5,0.6,1,1,1,resnest50,-1,0.4254,x
nnc,0.5,0.6,1,1,1,resnest50,-1,0.4219,x
nnc,0.5,0.6,1,1,1,resnest50,-1,0.4216,x
nnc,0.5,0.6,1,1,1,resnest50,-1,0.4151,x
nnc,0.5,0.6,1,1,1,resnest50,-1,0.4201,x
nnc,0.5,0.6,1,1,1,resnest50,-1,0.4194,x
nnc,0.5,0.6,1,1,1,resnest50,-1,0.424,x
nnc,0.5,0.6,1,1,1,resnest50,-1,0.4171,x
nnc,0.5,0.6,1,1,1,resnest50,-1,0.426,x
nnc,0.5,0.6,1,1,1,resnest50,-1,0.4202,x
nnc,0.5,0.6,1,1,1,resnest50,-1,0.4137,x
nnc,0.5,0.6,1,1,1,resnest50,-1,0.4148,x
nnc,0.5,0.6,1,1,1,resnest50,-1,0.4236,x
nnc,0.5,0.6,1,1,1,resnest50,-1,0.4149,x
nnc,0.5,0.6,1,1,1,resnest50,-1,0.423,x
nnc,0.5,0.6,1,1,1,resnest50,-1,0.4226,x
nnc,0.5,0.6,1,1,1,resnest50,-1,0.4177,x
nnc,0.5,0.6,1,1,1,resnest50,-1,0.4187,x
nnc,0.5,0.6,1,1,1,resnest50,-1,0.4239,x
nnc,0.5,0.6,1,1,1,resnest50,-1,0.4244,x
nnc,0.5,0.6,1,1,1,resnest50,-1,0.422,x
nnc,0.5,0.6,1,1,1,resnest50,-1,0.4156,x
nnc,0.5,0.6,1,1,1,resnest50,-1,0.4178,x
nnc,0.5,0.6,1,1,1,resnest50,-1,0.4157,x
nnc,0.5,0.6,1,1,1,resnest50,-1,0.4281,x
nnc,0.5,0.6,1,1,1,resnest50,-1,0.4244,x
nnc,0.5,0.6,1,1,1,resnest50,-1,0.4262,x
nnc,0.5,0.6,1,1,1,resnest50,-1,0.4191,x
nnc,0.5,0.6,1,1,1,resnest50,-1,0.4291,x
nnc,0.5,0.6,1,1,1,resnest50,-1,0.4227,x
nnc,0.5,0.6,1,1,1,resnest50,-1,0.4249,x
nnc,0.5,0.6,1,1,1,resnest50,-1,0.4189,x
nnc,0.5,0.6,1,1,1,resnest50,-1,0.417,x
nnc,0.5,0.6,1,1,1,resnest50,-1,0.418,x
nnc,0.5,0.6,1,1,1,resnest50,-1,0.4267,x
nnc,0.5,0.6,1,1,1,resnest50,-1,0.4202,x
nnc,0.5,0.6,1,1,1,resnest50,-1,0.4232,x
nnc,0.5,0.6,1,1,1,resnest50,-1,0.4293,x
nnc,0.5,0.6,1,1,1,resnest50,-1,0.4289,x
nnc,5,0.6,0,1,0,resnest50,-1,0.5792,x
nnc,5,0.6,0,1,0,resnest50,-1,0.5785,x
nnc,5,0.6,0,1,0,resnest50,-1,0.5858,x
nnc,5,0.6,0,1,0,resnest50,-1,0.5772,x
nnc,5,0.6,0,1,0,resnest50,-1,0.5852,x
nnc,5,0.6,0,1,0,resnest50,-1,0.583,x
nnc,5,0.6,0,1,0,resnest50,-1,0.5931,x
nnc,5,0.6,0,1,0,resnest50,-1,0.581,x
nnc,5,0.6,0,1,0,resnest50,-1,0.5838,x
nnc,5,0.6,0,1,0,resnest50,-1,0.5778,x
nnc,5,0.6,0,1,0,resnest50,-1,0.5809,x
nnc,5,0.6,0,1,0,resnest50,-1,0.5838,x
nnc,5,0.6,0,1,0,resnest50,-1,0.5807,x
nnc,5,0.6,0,1,0,resnest50,-1,0.5894,x
nnc,5,0.6,0,1,0,resnest50,-1,0.5847,x
nnc,5,0.6,0,1,0,resnest50,-1,0.5849,x
nnc,5,0.6,0,1,0,resnest50,-1,0.5843,x
nnc,5,0.6,0,1,0,resnest50,-1,0.5903,x
nnc,5,0.6,0,1,0,resnest50,-1,0.5851,x
nnc,5,0.6,0,1,0,resnest50,-1,0.5874,x
nnc,5,0.6,0,1,0,resnest50,-1,0.596,x
nnc,5,0.6,0,1,0,resnest50,-1,0.5858,x
nnc,5,0.6,0,1,0,resnest50,-1,0.5843,x
nnc,5,0.6,0,1,0,resnest50,-1,0.5846,x
nnc,5,0.6,0,1,0,resnest50,-1,0.5913,x
nnc,5,0.6,0,1,0,resnest50,-1,0.5825,x
nnc,5,0.6,0,1,0,resnest50,-1,0.5857,x
nnc,5,0.6,0,1,0,resnest50,-1,0.5772,x
nnc,5,0.6,0,1,0,resnest50,-1,0.5866,x
nnc,5,0.6,0,1,0,resnest50,-1,0.5922,x
nnc,5,0.6,0,1,0,resnest50,-1,0.5889,x
nnc,5,0.6,0,1,0,resnest50,-1,0.5938,x
nnc,5,0.6,0,1,0,resnest50,-1,0.5785,x
nnc,5,0.6,0,1,0,resnest50,-1,0.5833,x
nnc,5,0.6,0,1,0,resnest50,-1,0.5883,x
nnc,5,0.6,0,1,0,resnest50,-1,0.5918,x
nnc,5,0.6,0,1,0,resnest50,-1,0.5931,x
nnc,5,0.6,0,1,0,resnest50,-1,0.5872,x
nnc,5,0.6,0,1,0,resnest50,-1,0.5896,x
nnc,5,0.6,0,1,0,resnest50,-1,0.5872,x
nnc,5,0.6,0,1,0,resnest50,-1,0.5929,x
nnc,5,0.6,0,1,0,resnest50,-1,0.5935,x
nnc,5,0.6,0,1,0,resnest50,-1,0.5921,x
nnc,5,0.6,0,1,0,resnest50,-1,0.5879,x
nnc,5,0.6,0,1,0,resnest50,-1,0.593,x
nnc,5,0.6,0,1,0,resnest50,-1,0.5919,x
nnc,5,0.6,0,1,0,resnest50,-1,0.5847,x
nnc,5,0.6,0,1,0,resnest50,-1,0.5902,x
nnc,5,0.6,0,1,0,resnest50,-1,0.5933,x
nnc,5,0.6,0,1,0,resnest50,-1,0.5952,x
nnc,5,0.6,1,0,0,resnest50,-1,0.5608,x
nnc,5,0.6,1,0,0,resnest50,-1,0.5734,x
nnc,5,0.6,1,0,0,resnest50,-1,0.5598,x
nnc,5,0.6,1,0,0,resnest50,-1,0.5661,x
nnc,5,0.6,1,0,0,resnest50,-1,0.5706,x
nnc,5,0.6,1,0,0,resnest50,-1,0.5567,x
nnc,5,0.6,1,0,0,resnest50,-1,0.5641,x
nnc,5,0.6,1,0,0,resnest50,-1,0.5611,x
nnc,5,0.6,1,0,0,resnest50,-1,0.5707,x
nnc,5,0.6,1,0,0,resnest50,-1,0.5698,x
nnc,5,0.6,1,0,0,resnest50,-1,0.5708,x
nnc,5,0.6,1,0,0,resnest50,-1,0.5671,x
nnc,5,0.6,1,0,0,resnest50,-1,0.5745,x
nnc,5,0.6,1,0,0,resnest50,-1,0.5772,x
nnc,5,0.6,1,0,0,resnest50,-1,0.5649,x
nnc,5,0.6,1,0,0,resnest50,-1,0.5741,x
nnc,5,0.6,1,0,0,resnest50,-1,0.582,x
nnc,5,0.6,1,0,0,resnest50,-1,0.5749,x
nnc,5,0.6,1,0,0,resnest50,-1,0.5822,x
nnc,5,0.6,1,0,0,resnest50,-1,0.5715,x
nnc,5,0.6,1,0,0,resnest50,-1,0.5711,x
nnc,5,0.6,1,0,0,resnest50,-1,0.5749,x
nnc,5,0.6,1,0,0,resnest50,-1,0.5732,x
nnc,5,0.6,1,0,0,resnest50,-1,0.5797,x
nnc,5,0.6,1,0,0,resnest50,-1,0.5845,x
nnc,5,0.6,1,0,0,resnest50,-1,0.5724,x
nnc,5,0.6,1,0,0,resnest50,-1,0.5794,x
nnc,5,0.6,1,0,0,resnest50,-1,0.5783,x
nnc,5,0.6,1,0,0,resnest50,-1,0.5801,x
nnc,5,0.6,1,0,0,resnest50,-1,0.5755,x
nnc,5,0.6,1,0,0,resnest50,-1,0.5778,x
nnc,5,0.6,1,0,0,resnest50,-1,0.5844,x
nnc,5,0.6,1,0,0,resnest50,-1,0.5737,x
nnc,5,0.6,1,0,0,resnest50,-1,0.5698,x
nnc,5,0.6,1,0,0,resnest50,-1,0.5784,x
nnc,5,0.6,1,0,0,resnest50,-1,0.575,x
nnc,5,0.6,1,0,0,resnest50,-1,0.586,x
nnc,5,0.6,1,0,0,resnest50,-1,0.5769,x
nnc,5,0.6,1,0,0,resnest50,-1,0.5729,x
nnc,5,0.6,1,0,0,resnest50,-1,0.5796,x
nnc,5,0.6,1,0,0,resnest50,-1,0.5809,x
nnc,5,0.6,1,0,0,resnest50,-1,0.5752,x
nnc,5,0.6,1,0,0,resnest50,-1,0.5714,x
nnc,5,0.6,1,0,0,resnest50,-1,0.5795,x
nnc,5,0.6,1,0,0,resnest50,-1,0.5786,x
nnc,5,0.6,1,0,0,resnest50,-1,0.5766,x
nnc,5,0.6,1,0,0,resnest50,-1,0.5775,x
nnc,5,0.6,1,0,0,resnest50,-1,0.5772,x
nnc,5,0.6,1,0,0,resnest50,-1,0.5763,x
nnc,5,0.6,1,0,0,resnest50,-1,0.5793,x
nnc,5,0.6,1,1,0,resnest50,-1,0.5652,x
nnc,5,0.6,1,1,0,resnest50,-1,0.5653,x
nnc,5,0.6,1,1,0,resnest50,-1,0.5771,x
nnc,5,0.6,1,1,0,resnest50,-1,0.5721,x
nnc,5,0.6,1,1,0,resnest50,-1,0.5789,x
nnc,5,0.6,1,1,0,resnest50,-1,0.5736,x
nnc,5,0.6,1,1,0,resnest50,-1,0.5755,x
nnc,5,0.6,1,1,0,resnest50,-1,0.5771,x
nnc,5,0.6,1,1,0,resnest50,-1,0.5756,x
nnc,5,0.6,1,1,0,resnest50,-1,0.5829,x
nnc,5,0.6,1,1,0,resnest50,-1,0.5759,x
nnc,5,0.6,1,1,0,resnest50,-1,0.5828,x
nnc,5,0.6,1,1,0,resnest50,-1,0.5757,x
nnc,5,0.6,1,1,0,resnest50,-1,0.5866,x
nnc,5,0.6,1,1,0,resnest50,-1,0.5813,x
nnc,5,0.6,1,1,0,resnest50,-1,0.5777,x
nnc,5,0.6,1,1,0,resnest50,-1,0.5766,x
nnc,5,0.6,1,1,0,resnest50,-1,0.5794,x
nnc,5,0.6,1,1,0,resnest50,-1,0.5733,x
nnc,5,0.6,1,1,0,resnest50,-1,0.583,x
nnc,5,0.6,1,1,0,resnest50,-1,0.5802,x
nnc,5,0.6,1,1,0,resnest50,-1,0.5823,x
nnc,5,0.6,1,1,0,resnest50,-1,0.5898,x
nnc,5,0.6,1,1,0,resnest50,-1,0.5865,x
nnc,5,0.6,1,1,0,resnest50,-1,0.5847,x
nnc,5,0.6,1,1,0,resnest50,-1,0.5837,x
nnc,5,0.6,1,1,0,resnest50,-1,0.5876,x
nnc,5,0.6,1,1,0,resnest50,-1,0.5834,x
nnc,5,0.6,1,1,0,resnest50,-1,0.5842,x
nnc,5,0.6,1,1,0,resnest50,-1,0.5798,x
nnc,5,0.6,1,1,0,resnest50,-1,0.5829,x
nnc,5,0.6,1,1,0,resnest50,-1,0.5822,x
nnc,5,0.6,1,1,0,resnest50,-1,0.5896,x
nnc,5,0.6,1,1,0,resnest50,-1,0.5855,x
nnc,5,0.6,1,1,0,resnest50,-1,0.5915,x
nnc,5,0.6,1,1,0,resnest50,-1,0.5837,x
nnc,5,0.6,1,1,0,resnest50,-1,0.5858,x
nnc,5,0.6,1,1,0,resnest50,-1,0.5776,x
nnc,5,0.6,1,1,0,resnest50,-1,0.5878,x
nnc,5,0.6,1,1,0,resnest50,-1,0.5857,x
nnc,5,0.6,1,1,0,resnest50,-1,0.5821,x
nnc,5,0.6,1,1,0,resnest50,-1,0.5855,x
nnc,5,0.6,1,1,0,resnest50,-1,0.5876,x
nnc,5,0.6,1,1,0,resnest50,-1,0.5877,x
nnc,5,0.6,1,1,0,resnest50,-1,0.5861,x
nnc,5,0.6,1,1,0,resnest50,-1,0.5837,x
nnc,5,0.6,1,1,0,resnest50,-1,0.5881,x
nnc,5,0.6,1,1,0,resnest50,-1,0.5908,x
nnc,5,0.6,1,1,0,resnest50,-1,0.5859,x
nnc,5,0.6,1,1,0,resnest50,-1,0.579,x
nc,0.5,0.6,0,1,0,resnest50,-1,0.5252,x
nc,0.5,0.6,0,1,0,resnest50,-1,0.5293,x
nc,0.5,0.6,0,1,0,resnest50,-1,0.5332,x
nc,0.5,0.6,0,1,0,resnest50,-1,0.5233,x
nc,0.5,0.6,0,1,0,resnest50,-1,0.5326,x
nc,0.5,0.6,0,1,0,resnest50,-1,0.524,x
nc,0.5,0.6,0,1,0,resnest50,-1,0.5277,x
nc,0.5,0.6,0,1,0,resnest50,-1,0.5325,x
nc,0.5,0.6,0,1,0,resnest50,-1,0.5316,x
nc,0.5,0.6,0,1,0,resnest50,-1,0.5261,x
nc,0.5,0.6,0,1,0,resnest50,-1,0.5265,x
nc,0.5,0.6,0,1,0,resnest50,-1,0.5327,x
nc,0.5,0.6,0,1,0,resnest50,-1,0.5232,x
nc,0.5,0.6,0,1,0,resnest50,-1,0.5232,x
nc,0.5,0.6,0,1,0,resnest50,-1,0.5251,x
nc,0.5,0.6,0,1,0,resnest50,-1,0.5274,x
nc,0.5,0.6,0,1,0,resnest50,-1,0.5235,x
nc,0.5,0.6,0,1,0,resnest50,-1,0.539,x
nc,0.5,0.6,0,1,0,resnest50,-1,0.5348,x
nc,0.5,0.6,0,1,0,resnest50,-1,0.5226,x
nc,0.5,0.6,0,1,0,resnest50,-1,0.537,x
nc,0.5,0.6,0,1,0,resnest50,-1,0.5224,x
nc,0.5,0.6,0,1,0,resnest50,-1,0.5344,x
nc,0.5,0.6,0,1,0,resnest50,-1,0.5404,x
nc,0.5,0.6,0,1,0,resnest50,-1,0.5364,x
nc,0.5,0.6,0,1,0,resnest50,-1,0.5393,x
nc,0.5,0.6,0,1,0,resnest50,-1,0.528,x
nc,0.5,0.6,0,1,0,resnest50,-1,0.5293,x
nc,0.5,0.6,0,1,0,resnest50,-1,0.5353,x
nc,0.5,0.6,0,1,0,resnest50,-1,0.5325,x
nc,0.5,0.6,0,1,0,resnest50,-1,0.5288,x
nc,0.5,0.6,0,1,0,resnest50,-1,0.5271,x
nc,0.5,0.6,0,1,0,resnest50,-1,0.5301,x
nc,0.5,0.6,0,1,0,resnest50,-1,0.5251,x
nc,0.5,0.6,0,1,0,resnest50,-1,0.5311,x
nc,0.5,0.6,0,1,0,resnest50,-1,0.5279,x
nc,0.5,0.6,0,1,0,resnest50,-1,0.5384,x
nc,0.5,0.6,0,1,0,resnest50,-1,0.53,x
nc,0.5,0.6,0,1,0,resnest50,-1,0.5241,x
nc,0.5,0.6,0,1,0,resnest50,-1,0.5337,x
nc,0.5,0.6,0,1,0,resnest50,-1,0.5256,x
nc,0.5,0.6,0,1,0,resnest50,-1,0.534,x
nc,0.5,0.6,0,1,0,resnest50,-1,0.529,x
nc,0.5,0.6,0,1,0,resnest50,-1,0.5271,x
nc,0.5,0.6,0,1,0,resnest50,-1,0.5386,x
nc,0.5,0.6,0,1,0,resnest50,-1,0.5325,x
nc,0.5,0.6,0,1,0,resnest50,-1,0.5281,x
nc,0.5,0.6,0,1,0,resnest50,-1,0.534,x
nc,0.5,0.6,0,1,0,resnest50,-1,0.5447,x
nc,0.5,0.6,0,1,0,resnest50,-1,0.5242,x
nc,0.5,0.6,1,1,0,resnest50,-1,0.5316,x
nc,0.5,0.6,1,1,0,resnest50,-1,0.5226,x
nc,0.5,0.6,1,1,0,resnest50,-1,0.5203,x
nc,0.5,0.6,1,1,0,resnest50,-1,0.5202,x
nc,0.5,0.6,1,1,0,resnest50,-1,0.5267,x
nc,0.5,0.6,1,1,0,resnest50,-1,0.5211,x
nc,0.5,0.6,1,1,0,resnest50,-1,0.5347,x
nc,0.5,0.6,1,1,0,resnest50,-1,0.5289,x
nc,0.5,0.6,1,1,0,resnest50,-1,0.5411,x
nc,0.5,0.6,1,1,0,resnest50,-1,0.5341,x
nc,0.5,0.6,1,1,0,resnest50,-1,0.5359,x
nc,0.5,0.6,1,1,0,resnest50,-1,0.5328,x
nc,0.5,0.6,1,1,0,resnest50,-1,0.5226,x
nc,0.5,0.6,1,1,0,resnest50,-1,0.5317,x
nc,0.5,0.6,1,1,0,resnest50,-1,0.5355,x
nc,0.5,0.6,1,1,0,resnest50,-1,0.5442,x
nc,0.5,0.6,1,1,0,resnest50,-1,0.5211,x
nc,0.5,0.6,1,1,0,resnest50,-1,0.5199,x
nc,0.5,0.6,1,1,0,resnest50,-1,0.5246,x
nc,0.5,0.6,1,1,0,resnest50,-1,0.5288,x
nc,0.5,0.6,1,1,0,resnest50,-1,0.5458,x
nc,0.5,0.6,1,1,0,resnest50,-1,0.5341,x
nc,0.5,0.6,1,1,0,resnest50,-1,0.5292,x
nc,0.5,0.6,1,1,0,resnest50,-1,0.5418,x
nc,0.5,0.6,1,1,0,resnest50,-1,0.5351,x
nc,0.5,0.6,1,1,0,resnest50,-1,0.5442,x
nc,0.5,0.6,1,1,0,resnest50,-1,0.5349,x
nc,0.5,0.6,1,1,0,resnest50,-1,0.5419,x
nc,0.5,0.6,1,1,0,resnest50,-1,0.5324,x
nc,0.5,0.6,1,1,0,resnest50,-1,0.5353,x
nc,0.5,0.6,1,1,0,resnest50,-1,0.5291,x
nc,0.5,0.6,1,1,0,resnest50,-1,0.5279,x
nc,0.5,0.6,1,1,0,resnest50,-1,0.5377,x
nc,0.5,0.6,1,1,0,resnest50,-1,0.5195,x
nc,0.5,0.6,1,1,0,resnest50,-1,0.5303,x
nc,0.5,0.6,1,1,0,resnest50,-1,0.5384,x
nc,0.5,0.6,1,1,0,resnest50,-1,0.5335,x
nc,0.5,0.6,1,1,0,resnest50,-1,0.5288,x
nc,0.5,0.6,1,1,0,resnest50,-1,0.5336,x
nc,0.5,0.6,1,1,0,resnest50,-1,0.5421,x
nc,0.5,0.6,1,1,0,resnest50,-1,0.5315,x
nc,0.5,0.6,1,1,0,resnest50,-1,0.5356,x
nc,0.5,0.6,1,1,0,resnest50,-1,0.5398,x
nc,0.5,0.6,1,1,0,resnest50,-1,0.5282,x
nc,0.5,0.6,1,1,0,resnest50,-1,0.538,x
nc,0.5,0.6,1,1,0,resnest50,-1,0.5346,x
nc,0.5,0.6,1,1,0,resnest50,-1,0.5239,x
nc,0.5,0.6,1,1,0,resnest50,-1,0.5365,x
nc,0.5,0.6,1,1,0,resnest50,-1,0.5451,x
nc,0.5,0.6,1,1,0,resnest50,-1,0.5347,x
